"First Name","Last Name","Age"
"Martin","Craig","58"
"Walter","Grant","51"
"Patrick","Russell","60"
"Nicholas","Carter","51"
"Melissa","Mitchell","57"
"Jenna","Kelly","53"
"Lana","Bennett","51"
"Marcus","Campbell","57"
"Ryan","Stewart","56"
"Edwin","Parker","57"
"Stella","Robinson","57"
"Rosie","Rogers","51"
"Valeria","Parker","57"
"Lydia","Baker","59"
"Chloe","Wilson","52"
"Samantha","Carter","58"
"Myra","Gray","59"
"Sophia","Harper","50"
"Savana","Carter","58"
"Albert","Walker","52"
"Adele","Bennett","57"
"Frederick","Reed","53"
"Dainton","Sullivan","52"
"Paul","Richards","59"
"Harold","Chapman","55"
"Mary","Dixon","60"
"Byron","Ferguson","50"
"Brooke","Barnes","53"
"Reid","Brown","50"
"Patrick","Gibson","55"
"Abraham","Howard","56"
"Edward","Alexander","56"
"Caroline","Watson","58"
"Maddie","Evans","58"
"Reid","Scott","56"
"Patrick","Kelley","59"
"Melanie","Farrell","55"
"Max","Miller","55"
"Nicole","Grant","58"
"Connie","Stewart","58"
"Brianna","Hamilton","56"
"Sophia","Cooper","55"
"Jessica","Stewart","52"
"Gianna","Gibson","51"
"Dominik","Harper","50"
"Sofia","Alexander","60"
"Daryl","Foster","53"
"Vincent","Armstrong","51"
"Tyler","Davis","52"
"Thomas","Carter","51"
"Miley","Brown","54"
"Roland","Richards","56"
"Adam","Ellis","50"
"Lucas","Dixon","58"
"Lilianna","Harris","56"
"Emily","Elliott","52"
"Jacob","Holmes","56"
"Jenna","Hunt","50"
"Audrey","Roberts","60"
"Julian","Harris","60"
"Garry","Myers","50"
"Adelaide","Wilson","56"
"Eddy","Gibson","52"
"Tara","Scott","50"
"Ada","Bailey","58"
"Brad","Wilson","50"
"Dominik","Myers","51"
"Ryan","Owens","55"
"Brooke","Wright","50"
"Stella","Mitchell","54"
"Kelvin","Russell","53"
"Belinda","Wells","59"
"Patrick","Crawford","58"
"Tony","Carter","51"
"Lucas","Sullivan","53"
"Wilson","Martin","59"
"Ned","Allen","50"
"Carl","Scott","51"
"Reid","Casey","60"
"Brianna","Morgan","54"
"Brad","Scott","52"
"Vincent","Riley","60"
"Fenton","Chapman","54"
"Maximilian","Adams","58"
"April","Cole","59"
"Jasmine","Bailey","51"
"Valeria","Perkins","60"
"Stuart","Baker","56"
"Owen","Riley","54"
"Rebecca","Craig","50"
"Edgar","Martin","52"
"Alen","Brooks","53"
"Cadie","Richardson","53"
"Reid","Parker","60"
"Amber","Dixon","50"
"Adison","Thompson","60"
"Preston","Campbell","56"
"Tyler","Richardson","58"
"Darcy","Fowler","58"
"Dainton","Harper","58"
"Sofia","Hill","59"
"Emma","Elliott","51"
"Miller","Ryan","57"
"Daryl","Wright","52"
"Byron","Foster","55"
"Kate","Grant","52"
"Alexander","Clark","55"
"Stuart","Foster","53"
"Garry","Gibson","55"
"Julian","Russell","55"
"Annabella","Myers","55"
"Annabella","Watson","51"
"Aida","Harris","57"
"Dale","Brown","53"
"Agata","Gibson","55"
"Chloe","Ellis","56"
"Anna","Cameron","55"
"Sofia","Moore","54"
"Michelle","Ellis","55"
"Elise","Morgan","55"
"Jared","Armstrong","55"
"Annabella","Henderson","60"
"Freddie","Harris","51"
"Martin","Rogers","55"
"Victor","Allen","50"
"Catherine","Casey","52"
"April","Howard","59"
"Violet","Stewart","55"
"Edward","Wright","58"
"Patrick","Mitchell","59"
"Isabella","Davis","51"
"Alisa","Hunt","57"
"Carina","Wilson","51"
"Amy","Turner","57"
"George","Scott","54"
"Kelsey","Miller","53"
"Paul","Allen","51"
"Elise","Fowler","58"
"Caroline","Payne","55"
"Aiden","Craig","52"
"Sophia","Howard","59"
"Aldus","Adams","56"
"Amber","Armstrong","56"
"Samantha","Allen","56"
"David","Robinson","53"
"Brad","Myers","57"
"Daniel","Smith","52"
"Victor","Walker","60"
"Steven","Allen","54"
"Heather","Miller","60"
"Garry","Miller","56"
"Alfred","Morrison","55"
"Frederick","Owens","59"
"Briony","Payne","55"
"Lana","Ross","56"
"Robert","Owens","52"
"Brianna","Wells","56"
"Tony","Johnson","53"
"Abigail","Williams","53"
"Chelsea","Jones","53"
"Hailey","Clark","52"
"Alford","Barrett","60"
"Gianna","Howard","56"
"Victor","Kelly","56"
"Anna","Reed","50"
"Alina","Cunningham","54"
"Blake","Russell","54"
"Adelaide","Cunningham","58"
"Cherry","Miller","51"
"Nicole","Wright","56"
"Maximilian","Ellis","59"
"Oliver","Andrews","58"
"James","Richardson","52"
"Byron","Wright","53"
"James","Phillips","53"
"Aida","Perkins","57"
"Jared","Higgins","57"
"Jasmine","Richardson","57"
"Hailey","Carter","60"
"Sienna","Warren","53"
"Agata","Casey","52"
"Savana","Williams","58"
"Hailey","Ryan","53"
"Valeria","Allen","54"
"Aston","Hamilton","57"
"Walter","Harper","56"
"Roland","Richardson","51"
"Adelaide","Johnston","53"
"Agata","Dixon","50"
"Alen","Tucker","60"
"Hailey","Howard","50"
"Cherry","Jones","53"
"Sarah","Thompson","56"
"Stuart","Hunt","54"
"Darcy","Cunningham","51"
"Jordan","Campbell","51"
"Jacob","Miller","55"
"Steven","Russell","50"
"Brooke","Hawkins","53"
"Haris","Grant","58"
"Adelaide","Cooper","54"
"Penelope","Cunningham","57"
"Miley","Edwards","50"
"Savana","Mason","58"
"Gianna","Farrell","54"
"Carina","Taylor","59"
"Stuart","Morgan","50"
"Deanna","Adams","51"
"Melanie","West","54"
"Edgar","Cunningham","54"
"Aida","Cameron","52"
"Ted","Hill","53"
"Eleanor","Brown","56"
"Kirsten","Ellis","51"
"Patrick","Myers","57"
"Anna","Hunt","53"
"Jenna","Cooper","60"
"Miranda","Andrews","59"
"Amanda","Barnes","53"
"Honey","Ross","58"
"Amanda","Baker","58"
"Steven","Wilson","50"
"Albert","Cameron","60"
"Luke","Anderson","60"
"Gianna","Cooper","60"
"Miranda","Spencer","56"
"Aston","Myers","55"
"Eric","Stevens","55"
"Oliver","Perkins","57"
"Kelvin","Johnston","53"
"Victoria","Foster","59"
"Rosie","Cole","50"
"Chester","Higgins","59"
"Amanda","Adams","52"
"Edgar","Morgan","53"
"Frederick","Cooper","59"
"Kellan","Holmes","55"
"Hailey","Jones","59"
"Evelyn","Wells","59"
"Oscar","Andrews","53"
"Madaline","Barnes","59"
"Wilson","Allen","53"
"Charlie","Howard","50"
"Haris","Mitchell","55"
"Aston","Richardson","59"
"Kelvin","Adams","54"
"Max","Foster","55"
"Alberta","Walker","57"
"Maximilian","Parker","56"
"Oscar","Moore","60"
"Michael","Richardson","52"
"Abigail","Lloyd","52"
"Edward","Higgins","60"
"Alfred","Mitchell","55"
"Dainton","Alexander","50"
"Nicholas","Watson","55"
"Victor","Gray","55"
"Kevin","Hunt","52"
"Brad","Andrews","50"
"Alfred","Tucker","58"
"Chelsea","Mitchell","52"
"Kate","Thompson","60"
"Lyndon","Bennett","60"
"Paige","Johnston","60"
"Harold","Kelley","58"
"John","Payne","56"
"Lydia","Andrews","50"
"Adelaide","Morris","53"
"Max","Clark","59"
"Roman","Cooper","54"
"Julia","Bailey","60"
"Catherine","Allen","57"
"Ada","Morris","50"
"Madaline","Alexander","50"
"Charlotte","Carter","54"
"Ellia","Ellis","57"
"Daryl","Thomas","52"
"Fenton","Kelly","52"
"John","Anderson","55"
"Harold","Ryan","55"
"Jack","Armstrong","57"
"Tyler","Warren","54"
"Darcy","Grant","51"
"Aston","Harris","55"
"James","Riley","55"
"Camila","Phillips","55"
"Tony","Andrews","58"
"Ada","Evans","54"
"Abigail","Morrison","55"
"Savana","Morgan","60"
"Martin","Howard","59"
"Florrie","Cunningham","60"
"Garry","Owens","56"
"Michael","Alexander","53"
"Chloe","Hall","51"
"Kimberly","Ellis","58"
"Martin","Taylor","52"
"Edward","Adams","60"
"Heather","Wilson","53"
"Emily","Robinson","58"
"Sydney","Crawford","56"
"Savana","Stewart","52"
"Alfred","Baker","50"
"Fiona","West","60"
"Ted","Stewart","51"
"Honey","Craig","53"
"Maria","Clark","51"
"Abigail","Roberts","56"
"Madaline","Reed","57"
"Alberta","Bennett","55"
"Max","Sullivan","55"
"Mary","Ellis","52"
"Miley","Campbell","56"
"Freddie","Wilson","54"
"Frederick","Foster","58"
"Carina","Stewart","50"
"Arnold","Johnson","56"
"Carlos","Foster","51"
"Kelvin","Ferguson","60"
"Honey","Johnston","60"
"Richard","Craig","52"
"George","Carroll","60"
"Robert","Turner","58"
"Maria","Ferguson","56"
"Catherine","Myers","52"
"Myra","Fowler","55"
"Dale","Tucker","59"
"Lyndon","Fowler","60"
"Tony","Kelley","50"
"Amanda","Campbell","60"
"April","Anderson","51"
"Luke","Johnson","54"
"Hailey","Alexander","58"
"Daisy","Baker","56"
"Fiona","Harrison","54"
"Grace","Crawford","50"
"Spike","Allen","54"
"Thomas","Andrews","53"
"Martin","Perkins","59"
"George","Hunt","60"
"Dexter","Casey","54"
"Rosie","Harper","52"
"Stuart","Montgomery","58"
"Edith","Dixon","55"
"Abraham","Cole","51"
"Deanna","Armstrong","52"
"Edward","Murray","55"
"Grace","Higgins","57"
"Nicole","Morgan","54"
"Kellan","Davis","57"
"Dainton","Crawford","57"
"Naomi","Armstrong","54"
"Lucy","Holmes","53"
"Vincent","Harris","56"
"James","Moore","53"
"Edward","Grant","56"
"Gianna","Perry","52"
"Daniel","Hawkins","57"
"Arnold","Adams","55"
"Fenton","Davis","60"
"Mike","Robinson","56"
"Annabella","Crawford","50"
"Ellia","Johnson","51"
"Edwin","Thomas","56"
"Briony","Rogers","55"
"Brianna","Chapman","51"
"Steven","Morgan","53"
"Michelle","Barrett","55"
"Fenton","Alexander","50"
"Ellia","Morrison","60"
"Alina","Richards","56"
"Jack","Brooks","58"
"Aldus","Harrison","59"
"Darcy","Chapman","50"
"Jenna","Nelson","54"
"Evelyn","Mitchell","60"
"Alan","Morrison","58"
"Richard","Wells","60"
"Brooke","Johnson","59"
"Honey","Ellis","54"
"Eleanor","Harper","59"
"Heather","Hawkins","58"
"Adelaide","Harris","53"
"Vivian","Gibson","53"
"David","Chapman","50"
"Alford","Cole","59"
"Chester","Myers","55"
"Lenny","Kelley","59"
"Dexter","Mitchell","53"
"Clark","Elliott","57"
"Aldus","Richards","56"
"James","Turner","52"
"Stella","Cameron","57"
"Ashton","Russell","52"
"Emily","Brooks","56"
"Julian","Rogers","59"
"Roman","Andrews","52"
"James","Morris","57"
"Chester","Lloyd","54"
"Eleanor","Alexander","54"
"Lydia","Grant","50"
"Frederick","Warren","60"
"Chloe","Hill","54"
"Tara","Evans","56"
"Edwin","Hall","58"
"Myra","Perkins","53"
"Alexander","Perry","59"
"Lana","Kelly","57"
"Belinda","Mason","56"
"Lucas","Craig","56"
"Patrick","Bailey","53"
"Adele","Howard","54"
"Ellia","Montgomery","52"
"Caroline","Williams","52"
"Daisy","Robinson","59"
"Dale","Chapman","51"
"Kellan","Hamilton","51"
"Abraham","Harris","50"
"Owen","Fowler","55"
"Charlotte","Wilson","54"
"Nicholas","Hawkins","59"
"Darcy","Clark","53"
"Maria","Gibson","54"
"Joyce","Nelson","57"
"Audrey","Farrell","56"
"Alissa","Reed","51"
"Agata","Russell","51"
"Tony","Cooper","58"
"Lilianna","Allen","54"
"Harold","Williams","60"
"James","Ryan","50"
"Mary","Allen","57"
"Edward","Cunningham","50"
"Catherine","Clark","50"
"Alissa","Roberts","51"
"Amanda","Bailey","50"
"Brooke","Robinson","52"
"Henry","Russell","60"
"Adam","Grant","54"
"Penelope","Hunt","59"
"Albert","Williams","59"
"Vincent","Mason","59"
"Sofia","Morgan","53"
"Lilianna","Fowler","54"
"Garry","Sullivan","57"
"Bruce","Campbell","56"
"Ryan","Hall","60"
"Briony","Harris","58"
"Dainton","Morrison","56"
"Agata","Hawkins","58"
"Adelaide","Riley","59"
"Derek","Hall","58"
"Lucas","Hamilton","56"
"Darcy","Baker","52"
"James","Cameron","57"
"Rafael","Spencer","56"
"Carlos","Carroll","52"
"Amy","Montgomery","58"
"Victoria","Morrison","52"
"Adele","Richards","58"
"John","Martin","50"
"Maya","Stewart","52"
"Henry","West","58"
"Alexia","Farrell","59"
"Maddie","Riley","60"
"Aida","Casey","54"
"Justin","Fowler","57"
"Brad","Douglas","51"
"Adrianna","Morrison","56"
"Paul","Harrison","50"
"Albert","Cunningham","56"
"Frederick","Perry","51"
"Charlie","Cole","59"
"Roman","Chapman","54"
"Max","Russell","56"
"Kellan","Robinson","57"
"Sawyer","Cunningham","53"
"Amy","Lloyd","55"
"Joyce","Thomas","53"
"Jacob","Ferguson","56"
"Vivian","Kelly","56"
"Catherine","Hunt","55"
"Max","Harrison","54"
"Ada","Watson","53"
"Chelsea","Tucker","52"
"Sarah","Myers","57"
"Natalie","Kelly","60"
"George","Stevens","50"
"Valeria","Ross","50"
"Agata","Farrell","51"
"Kellan","Ryan","59"
"Eric","Evans","59"
"Sophia","Andrews","55"
"Alissa","Ross","58"
"Stella","Taylor","51"
"Vivian","Hall","52"
"Melanie","Lloyd","59"
"Lucy","Parker","59"
"Haris","Hunt","60"
"Brad","Smith","60"
"Caroline","Douglas","58"
"George","Kelly","55"
"Connie","Armstrong","55"
"Sienna","Moore","50"
"Owen","Sullivan","54"
"Owen","Crawford","51"
"Frederick","Gray","51"
"Jared","Elliott","51"
"Eleanor","West","53"
"David","Spencer","51"
"Julia","Morrison","56"
"Violet","Miller","58"
"Nicholas","Murray","58"
"Adam","Hill","53"
"Samantha","Miller","57"
"Sabrina","Gray","50"
"Stuart","Perkins","52"
"Sophia","Kelley","52"
"Kelvin","Higgins","57"
"Maya","Cole","52"
"Kate","Armstrong","51"
"Wilson","Smith","55"
"Ada","Turner","54"
"Kevin","Payne","59"
"Bruce","Johnston","58"
"Violet","Parker","53"
"Victoria","Kelley","51"
"John","Turner","60"
"Nicole","Johnston","60"
"Kate","Carter","55"
"Adele","Moore","56"
"Lucia","Ryan","60"
"Carl","Anderson","54"
"Ned","Hill","56"
"Alfred","Hawkins","59"
"Victor","Lloyd","57"
"Amy","Cooper","60"
"Chelsea","Scott","60"
"Stuart","Chapman","57"
"Edwin","Roberts","57"
"Darcy","Taylor","59"
"Leonardo","Parker","56"
"Amanda","Edwards","57"
"Nicole","Stevens","52"
"Arnold","Wells","53"
"Isabella","Casey","52"
"Darcy","Casey","57"
"Arthur","Perkins","56"
"Gianna","Johnston","52"
"Darcy","Thomas","58"
"Alberta","Douglas","55"
"Frederick","Davis","54"
"Mike","Perkins","52"
"Jack","Perry","50"
"Eleanor","Perry","50"
"Rubie","Cole","55"
"Garry","Ferguson","52"
"Sofia","Thomas","55"
"Albert","Myers","58"
"Alberta","Owens","54"
"Edwin","Perry","54"
"Adele","Cameron","60"
"Maddie","Ryan","58"
"Adelaide","Hawkins","55"
"Darcy","Barnes","54"
"Stuart","Reed","55"
"Luke","Payne","56"
"Freddie","Robinson","50"
"Miller","Harrison","59"
"Edith","Armstrong","54"
"Kellan","Johnston","57"
"Alissa","Murphy","56"
"Alissa","Morgan","60"
"Stella","Stewart","59"
"William","Farrell","55"
"Maximilian","Anderson","57"
"Richard","Murray","58"
"Chester","Moore","54"
"Amber","Foster","59"
"Caroline","Holmes","58"
"Darcy","Cole","51"
"Arianna","Dixon","56"
"Eleanor","Hamilton","60"
"Vanessa","West","57"
"Lucia","Douglas","52"
"Olivia","Tucker","56"
"Sydney","Smith","51"
"Derek","Wilson","54"
"Leonardo","Roberts","58"
"Kristian","Williams","50"
"Richard","Murphy","57"
"April","Gibson","50"
"Penelope","Barnes","53"
"Dexter","Turner","51"
"Clark","Cole","57"
"Lilianna","Wright","54"
"Adam","Bennett","59"
"Emily","Walker","51"
"Darcy","Bailey","55"
"Mike","Howard","58"
"Ned","Walker","54"
"Chelsea","Brooks","58"
"Charlie","Morrison","54"
"Adrianna","Scott","53"
"Mary","Miller","57"
"Rebecca","Rogers","56"
"Sawyer","Howard","51"
"John","Richards","52"
"Cherry","Mason","57"
"Julia","Edwards","50"
"Brianna","Holmes","53"
"Catherine","Thomas","51"
"Melanie","Martin","53"
"Alexander","Davis","57"
"Kevin","Hawkins","60"
"Briony","Mason","57"
"Andrew","Brown","52"
"Florrie","Montgomery","56"
"Antony","Myers","53"
"Dale","Stewart","51"
"Gianna","Morgan","60"
"Kirsten","Jones","57"
"Marcus","Scott","54"
"Lenny","Montgomery","50"
"Aston","Watson","51"
"Ada","Martin","52"
"Rubie","Ferguson","54"
"James","Roberts","58"
"Amber","Grant","52"
"Kelvin","Lloyd","54"
"Aiden","Scott","51"
"Leonardo","Gibson","51"
"Kelsey","Walker","60"
"Preston","Morris","58"
"Oscar","Henderson","59"
"Adele","Grant","56"
"Henry","Adams","50"
"Eric","Hunt","56"
"Jacob","Smith","56"
"Alexia","Richardson","53"
"Kelsey","Elliott","58"
"Reid","Payne","57"
"Anna","Ross","55"
"Kevin","Stewart","56"
"Lana","Harris","52"
"Samantha","Chapman","53"
"Adrianna","Clark","53"
"Grace","Robinson","58"
"Rafael","Craig","51"
"Paul","Stewart","59"
"Abigail","Thomas","60"
"Kelsey","Mason","55"
"Martin","Chapman","50"
"Miley","Bailey","60"
"Luke","Holmes","50"
"Darcy","Ferguson","51"
"Florrie","Campbell","55"
"James","Crawford","55"
"Alford","Riley","58"
"Arianna","Hunt","54"
"Jenna","Johnston","53"
"Carina","Williams","56"
"Caroline","Wright","58"
"Cadie","Harper","52"
"Mike","Parker","58"
"Rosie","Payne","60"
"Charlotte","Ellis","59"
"Sarah","Mitchell","55"
"Brianna","Brooks","60"
"Adele","Nelson","50"
"Aldus","Smith","58"
"Miranda","Wilson","51"
"Chester","Perkins","57"
"Spike","Bailey","60"
"Ada","Allen","52"
"Florrie","Turner","52"
"Natalie","Wright","52"
"Grace","Carter","59"
"Tara","Foster","51"
"Aiden","Spencer","59"
"Lucas","Warren","56"
"Albert","Hunt","54"
"Nicholas","Richardson","57"
"Victoria","Tucker","51"
"Charlie","Taylor","59"
"Jessica","Ellis","52"
"Maddie","Richardson","58"
"Ada","Alexander","58"
"Frederick","Hawkins","55"
"Dexter","Ryan","59"
"Agata","Holmes","54"
"Ted","Moore","60"
"Brad","Riley","50"
"Sawyer","Parker","53"
"Tiana","Tucker","59"
"Florrie","Riley","50"
"Melanie","Kelly","50"
"Deanna","Ross","57"
"Alan","Jones","51"
"Alen","Crawford","60"
"Anna","Cooper","50"
"Kimberly","Douglas","59"
"Spike","Henderson","51"
"Garry","Scott","51"
"Byron","Watson","55"
"Sarah","Perkins","55"
"Maddie","Kelley","58"
"Anna","Casey","52"
"William","Adams","54"
"Sophia","Hawkins","57"
"Brianna","Crawford","56"
"Melanie","Stevens","51"
"Tony","Murphy","52"
"Ryan","Wells","56"
"Violet","Adams","56"
"Briony","Higgins","59"
"Lucas","Parker","56"
"Adison","Morgan","56"
"Oscar","Robinson","56"
"Eddy","Riley","57"
"Kelsey","Crawford","58"
"Kirsten","Owens","51"
"Savana","Murphy","59"
"Jessica","Morris","57"
"Jenna","West","57"
"Evelyn","Cunningham","60"
"Marcus","Robinson","51"
"Kelvin","Reed","52"
"Melissa","Roberts","53"
"Alexia","Hall","55"
"Grace","Allen","51"
"Tara","Hill","59"
"Thomas","Morgan","58"
"Alan","Bailey","51"
"Savana","Crawford","52"
"David","Reed","59"
"Deanna","Ferguson","55"
"Camila","Edwards","54"
"Michelle","Armstrong","54"
"Honey","Miller","50"
"Eddy","Johnson","60"
"Adrian","Howard","56"
"Alford","Montgomery","57"
"Annabella","Stewart","51"
"Preston","Murphy","58"
"Adelaide","Walker","56"
"Adele","Evans","51"
"Richard","Davis","57"
"Nicole","Wells","57"
"Vanessa","Kelley","57"
"Agata","Baker","60"
"Melissa","Wright","55"
"Darcy","Thompson","50"
"Annabella","Johnson","52"
"Rosie","Evans","60"
"Lucas","Carter","59"
"Freddie","Hawkins","51"
"Ned","Taylor","53"
"Natalie","Grant","53"
"Hailey","Morris","54"
"James","Foster","58"
"Freddie","Gibson","53"
"Maria","Myers","59"
"Darcy","Ellis","54"
"Isabella","Allen","54"
"Aston","Grant","53"
"Mary","Wright","51"
"Fenton","Stewart","53"
"Sabrina","Stevens","58"
"Hailey","Russell","52"
"Edward","Dixon","54"
"Agata","Walker","54"
"Ellia","Gray","57"
"Aida","Adams","51"
"Jack","Moore","51"
"Aida","Montgomery","58"
"Victor","Hawkins","60"
"Henry","Harper","51"
"Emma","Roberts","60"
"Fiona","Stewart","57"
"Daisy","Hawkins","51"
"Amber","Craig","57"
"Alford","Nelson","56"
"Martin","Hall","60"
"Justin","Rogers","52"
"Lucy","Warren","60"
"Audrey","Howard","50"
"Julian","Murphy","58"
"Chester","Robinson","59"
"Albert","Fowler","52"
"Lucy","Thomas","60"
"Ellia","Perkins","54"
"Chelsea","Cole","53"
"William","Parker","58"
"Abraham","Ellis","55"
"Wilson","Crawford","59"
"Alford","Phillips","51"
"Lyndon","Williams","56"
"Kellan","Gray","53"
"Melissa","Henderson","50"
"Arthur","Payne","57"
"Rafael","Bailey","59"
"Naomi","Hamilton","56"
"Mary","Rogers","51"
"Maximilian","Cameron","59"
"Carlos","Ross","57"
"William","Henderson","57"
"Camila","Grant","51"
"Savana","Alexander","50"
"Caroline","Chapman","58"
"Deanna","Moore","52"
"Maximilian","Scott","56"
"Chelsea","Elliott","53"
"Tony","Harrison","60"
"Andrew","Johnston","59"
"Adrianna","Mitchell","60"
"Cadie","Dixon","56"
"Joyce","Montgomery","51"
"Lydia","Payne","58"
"Edward","Holmes","58"
"Miranda","Hawkins","52"
"Alfred","Jones","59"
"Eddy","Allen","50"
"Luke","Roberts","54"
"Ellia","Murphy","60"
"Patrick","Allen","57"
"Thomas","Warren","56"
"Sabrina","Martin","59"
"Naomi","Smith","53"
"Roman","Cunningham","58"
"Valeria","Warren","52"
"Isabella","Ryan","50"
"Maya","Montgomery","59"
"Martin","Warren","52"
"Vanessa","Henderson","52"
"Audrey","Evans","58"
"Mary","Casey","50"
"Brad","Spencer","55"
"Catherine","Douglas","55"
"Jenna","Barnes","52"
"Kellan","Fowler","51"
"Byron","Brooks","52"
"Sofia","Adams","54"
"Evelyn","Hamilton","55"
"Stuart","Warren","59"
"Vincent","Grant","59"
"Tiana","Murphy","51"
"Maria","Higgins","57"
"Eleanor","Owens","56"
"Audrey","Perkins","50"
"Lydia","Harrison","55"
"Darcy","Cooper","57"
"Garry","Adams","56"
"Anna","Myers","60"
"Sarah","Bennett","52"
"Maya","Owens","57"
"Lucas","Myers","51"
"Dominik","Baker","60"
"Audrey","Tucker","55"
"William","Brooks","59"
"Daisy","Farrell","58"
"Victoria","Carter","57"
"Brianna","Williams","51"
"Elise","Chapman","60"
"Samantha","Higgins","53"
"Martin","Hunt","56"
"Frederick","Bailey","60"
"Ned","Anderson","60"
"Ryan","Dixon","52"
"Walter","Robinson","55"
"Alfred","Phillips","56"
"Penelope","Campbell","54"
"Brooke","Perkins","58"
"Patrick","Perry","55"
"Alford","Mitchell","59"
"Dale","Grant","57"
"Cadie","Henderson","58"
"Lily","Hamilton","57"
"Victor","Martin","51"
"Catherine","Craig","60"
"Hailey","Murray","52"
"Blake","Warren","59"
"Maddie","Wells","51"
"Charlotte","Higgins","55"
"Madaline","Cooper","56"
"Aldus","Russell","59"
"Alford","Ellis","60"
"Alen","Cooper","53"
"Audrey","Mason","54"
"Myra","Allen","52"
"Bruce","Payne","59"
"Julia","Riley","52"
"Lily","Anderson","57"
"Connie","Barrett","50"
"Wilson","Reed","60"
"Albert","Barrett","54"
"Maya","Gray","58"
"Roman","Wells","58"
"Darcy","Morrison","55"
"Kelsey","Ferguson","58"
"Michelle","Howard","52"
"Madaline","Robinson","50"
"Jared","Fowler","54"
"Jared","Reed","54"
"Eric","Wright","52"
"Chelsea","Perry","50"
"Charlotte","Elliott","59"
"Aiden","Moore","53"
"Gianna","Stevens","55"
"Wilson","Murray","53"
"Adrian","Fowler","55"
"Mike","Morgan","58"
"Rosie","Clark","57"
"Brad","Crawford","51"
"Oscar","Casey","52"
"Eddy","Hunt","51"
"Dominik","Phillips","60"
"Harold","Perry","57"
"Byron","Dixon","52"
"Sofia","Murray","58"
"Justin","Russell","52"
"Martin","Evans","50"
"Natalie","Warren","54"
"Edward","Gibson","51"
"Victor","Barrett","56"
"James","Robinson","57"
"Vanessa","Grant","57"
"Fenton","Barnes","52"
"Ryan","Henderson","53"
"Madaline","Evans","60"
"Edwin","Dixon","59"
"Lucas","Turner","60"
"Belinda","Grant","57"
"Gianna","Rogers","52"
"Alissa","Andrews","60"
"Camila","Morgan","54"
"Ashton","Montgomery","55"
"Charlie","Tucker","50"
"Ryan","Davis","57"
"Amber","Turner","54"
"Dale","Dixon","54"
"Florrie","Evans","57"
"Lucy","Hamilton","55"
"Sawyer","Carroll","50"
"Blake","Carter","50"
"Carl","Richards","60"
"Julian","Sullivan","60"
"Brooke","Jones","57"
"Bruce","Barrett","60"
"Michael","Ellis","55"
"Abigail","Cameron","57"
"Dale","Richards","58"
"Lilianna","Cooper","59"
"Amy","Mitchell","60"
"Amelia","Henderson","60"
"Kimberly","Barrett","54"
"Aida","Crawford","59"
"Paul","Hall","55"
"Madaline","Cole","53"
"Myra","Higgins","54"
"Eleanor","Crawford","53"
"Tiana","Walker","58"
"Savana","Miller","59"
"Evelyn","Lloyd","55"
"Edgar","Harper","52"
"Lyndon","Johnson","58"
"Camila","Hill","52"
"Alexander","Hunt","50"
"Adison","Watson","57"
"George","Walker","55"
"Dominik","Stevens","58"
"Evelyn","Moore","60"
"Daisy","Casey","50"
"Lucia","Hill","53"
"Tyler","Johnston","54"
"David","Henderson","55"
"Miley","Cooper","58"
"George","Bennett","58"
"Jasmine","West","54"
"Freddie","Miller","52"
"Sophia","Evans","55"
"Abraham","Thomas","55"
"Clark","Perry","56"
"Adrianna","Wright","58"
"Nicole","Richardson","53"
"Eddy","Richards","53"
"Roman","Morris","59"
"Kirsten","Cole","51"
"Evelyn","Smith","52"
"Amy","Cole","57"
"Thomas","Baker","60"
"Thomas","Davis","56"
"Amy","Morris","51"
"Olivia","Kelly","50"
"Samantha","Moore","56"
"Evelyn","Elliott","58"
"Jacob","Harris","59"
"Natalie","Riley","50"
"Sawyer","Warren","54"
"Lucia","Tucker","54"
Olav,Krystek,41
Hermy,Wolfindale,20
Gram,Hutfield,70
Leslie,Derges,70
Maridel,Halling,46
Brennan,Gerred,39
Audrie,Adolphine,27
Darya,Cash,44
Diandra,Pimley,66
Leonard,Dufaire,37
Wyatt,Lambe,83
Kettie,Lomasny,44
Lorrie,Chuck,58
Bertine,Rothchild,80
Vanya,Vennings,63
Emmie,Mosedall,38
Philippa,Winders,70
Elspeth,Nockalls,27
Tandy,Izzett,35
Averil,Cours,74
Richy,Sagar,45
Rhoda,Mendus,26
Lilly,Naptine,49
Cello,Felderer,60
Maren,Whybrow,52
Miller,Orrett,76
Paten,Cassels,26
Lutero,Liccardo,69
Gasper,Cescotti,19
Carmita,Behnen,45
Constantine,Howis,52
Josi,Matthisson,62
Marigold,Gwin,43
Ethan,Steaning,49
Lizabeth,Speere,73
Cheston,Wight,46
Shermy,Abrahamsson,57
Torey,Daft,81
Sammie,Stimson,49
Aldo,Tookill,74
Elias,McGirl,74
Tybie,Baldam,38
Erasmus,Setchell,73
Larine,Bennion,83
Melisande,Allinson,58
Kip,Weldrake,64
Van,Follin,37
Reg,Tilby,73
Willi,Gonnelly,18
Clement,Ramsey,36
Odessa,Chaddock,80
Emlyn,Copson,36
Idette,Bram,19
Irina,Balmforth,54
Barnaby,Gensavage,83
Kaylil,Hadfield,83
Nickola,Gatchell,84
Maurizio,Keymar,29
Amelia,Jiruch,75
Ebony,Housaman,84
Igor,Gurton,30
Hamil,Larrett,31
Em,Sheards,60
Maribel,Ell,31
Kent,Pyburn,67
Lauritz,Kayley,62
Yetta,Dunlap,69
Blondell,Winsom,62
Maybelle,Yandle,54
Colas,Boshier,79
Tiena,Nowakowski,34
Debi,Wetherald,62
Joannes,Elsip,46
Marcelle,Grogona,19
Wendye,Munnion,22
Hadley,Yantsurev,35
Erin,Cordelle,69
Andeee,Derbyshire,56
Althea,Hannant,65
Marjorie,Butrimovich,37
Chelsea,Passion,51
Raff,Littley,37
Aloysia,McCorrie,67
Jewell,Castree,81
Henrik,Joll,46
Raimondo,Juster,44
Tabbatha,Simonson,51
Sukey,MacNamara,44
Loretta,Menchenton,69
Staci,Matyushenko,21
Maynard,Shalders,24
Vladimir,Yes,75
Maryl,Alfonsini,59
Cybill,Duffill,61
Karisa,Clyburn,52
Viole,Grafton,64
Edith,Jzak,24
Chrissy,Enderwick,25
Anastasia,Keneleyside,63
Kayle,McGirr,49
Roman,Nunns,42
Charlot,Keaton,40
Pooh,Heads,58
Kristo,Meates,68
Doris,Rubinovitch,58
Aluino,Ramsted,57
Harmonie,Prester,45
Viole,Corhard,52
Starla,Corbishley,30
Bonni,Denidge,27
Andie,Karpol,38
Carena,Mangin,35
Arlan,Surman-Wells,75
Jessamine,Fairbanks,39
Mathilda,Gardener,46
Darleen,Doran,34
Massimo,Stobbart,28
Reyna,Horley,82
Franciska,Haworth,40
Elayne,Adolfsen,60
Maddy,Scottrell,23
Dinny,Wanka,75
Loy,Laffling,29
Benjie,Winscum,67
Rennie,Jestico,24
Carolin,Lockery,42
Charlotta,Sanson,39
Etheline,Stocker,74
Palmer,Jeratt,51
Terry,Linger,23
Tally,Jzak,64
Gabe,Meldrum,45
Michal,Labarre,66
Zack,Mateja,24
Silvan,Treeby,33
Barnabe,Sonnenschein,66
Patrizia,Geertz,36
Karin,Powers,77
Dyanna,Petracco,36
Zolly,Maidlow,19
Debora,Mauditt,74
Corrina,Courteney,56
Rosalynd,Parlour,58
Bevin,Pietranek,22
Maighdiln,Greated,63
Celine,Binham,25
Carleton,Tyer,28
Minda,Wallege,18
Vivianne,Borkin,85
Wildon,Labroue,84
Dal,Oliveto,42
Biddy,Chesley,78
Halimeda,Ashbe,83
Lind,Wallman,19
Willie,Bearsmore,41
Scarlet,Likly,38
Belia,Eddis,43
Chelsy,Isgate,51
Hallsy,Matous,84
Hoyt,Outlaw,26
Ermengarde,Fenlon,42
Marcelo,Seymark,81
Ambrosi,Comberbeach,18
Any,Beardow,73
Evangeline,Patkin,21
Sidonnie,Clapshaw,36
Jeffie,Van der Baaren,36
Prudence,Ghelardoni,38
Say,Elgram,25
Amabelle,Balloch,28
Angelika,Widocks,55
Licha,Rodriguez,21
Teddy,d'Arcy,26
Harcourt,Locket,47
Caroline,Wrintmore,70
Matti,Basham,21
Zach,Maine,42
Blane,O'Sheilds,85
Camel,Hammell,41
Sylvia,Verdun,33
Pedro,Martindale,32
Starlene,Mattiello,55
Tory,Lemmers,85
Cristi,Dickerson,39
Ev,Pedican,34
Della,Haliday,62
Dorise,Klulisek,65
Rosie,Ianniello,28
Pauletta,Guwer,59
Florence,Denidge,37
Berni,Nansom,47
Keene,Skittrall,30
Genia,Glendining,44
Tatiania,Heintzsch,78
Sella,Willetts,43
Burnard,Sandcraft,25
Alaster,Riddoch,81
Butch,Gotmann,46
Jayme,Hazlewood,43
Wilmar,Gianneschi,55
Hillyer,Blumire,53
Amelia,Dykins,79
Janifer,Upham,50
Jonell,Gourlie,24
Bentley,Gilbane,44
Chrissie,Ivushkin,37
Howard,Ashmore,84
Felipe,Macro,78
Theadora,Navein,33
Eryn,O' Cuolahan,28
Delinda,Leband,53
Waite,Bierton,79
Shelden,Strothers,55
Cristian,Isham,72
Kristy,La Torre,54
Micky,Hollows,32
Casar,Zuenelli,80
Hercules,Colegrove,47
Hedda,Schoolcroft,23
Helen,Mann,32
Lurlene,Linnock,44
Vincenty,Sewell,37
Glendon,Agius,29
Mathilda,Turfin,84
Antonie,Rushbury,73
Lyndsay,Son,35
Charmine,Goretti,42
Leonerd,Bavage,47
Riane,Josham,44
Casandra,Martinez,21
Maisey,Cappell,74
Harrietta,Leggs,80
Sam,Flitcroft,72
Derron,Fuentez,25
Noel,Camidge,45
Benito,Klarzynski,56
Stefan,Danit,48
Beulah,Piolli,74
Hughie,Rude,81
Rivkah,Crate,52
Holly-anne,Pedrozzi,80
June,Yellowlee,75
Fidel,Tockell,51
Kay,Greenacre,23
Nixie,Tweede,73
Antoinette,Durrance,80
Fernandina,Perren,23
Cary,Tapsfield,36
Rani,Dudmarsh,21
Hubert,Kitt,34
Moyra,Bigby,24
La verne,Leaver,53
Petronia,Hendrickson,67
Susette,Orknay,53
Reiko,Matsell,69
Alva,Ousbie,34
Axe,Dudderidge,82
Major,Stiggles,39
Raynell,Kelland,24
Leroi,Renak,57
Kordula,Brinkman,34
Curtis,Garrison,78
Nadia,Davys,76
Nikolaos,Ateggart,55
Jenilee,Lindl,50
Town,Slinger,65
Claudelle,Joyes,32
Jeromy,Jarrette,50
Regina,Spawforth,40
Maximilianus,Gabbat,78
Emmeline,Chilles,50
Noel,Gapper,21
Tymothy,Taggerty,30
Alisha,Bolmann,77
Hildegaard,Cettell,29
Paquito,Martynov,59
Teodor,Garlette,29
Bob,Cottisford,30
Webb,Heggadon,73
Patrizio,Masters,60
Adolphus,Danielovitch,57
Lindsey,Wilcocks,26
Andras,Stapleford,37
Hettie,Harmson,84
Reagan,Crompton,58
Donnell,Bladen,51
Angeli,Scholey,83
Nertie,Barhems,52
Carlyle,Maybey,52
Terencio,Torresi,78
Oliy,Hamman,40
Andrea,Geere,60
Monte,Brewett,64
Renate,Woollin,32
Crichton,Lydford,71
Leann,Le Bosse,63
Alphonse,Kells,30
Paulette,Burnett,60
Tades,Veasey,75
Peder,Brammer,68
Gerardo,Parke,36
Viki,Lawles,19
Guillermo,Larvor,41
Gertruda,Meiningen,18
Pansie,McCaughan,80
Lanae,Scholler,33
Irina,Elham,48
Shepard,Harner,42
Cristie,Kenlin,49
Anthony,Counihan,70
Felicle,Dunleavy,38
Ange,Trainor,30
Latrena,Cadagan,62
Chiarra,Sorley,47
Gwen,Crowdace,36
Skipton,Arnholtz,19
Avictor,Dilleston,56
Verna,MacRannell,77
Aggi,Rizzini,52
Sonnie,Drakeley,42
Ardelia,Partkya,20
Ellynn,Hirjak,22
Alford,Lenthall,32
Daren,Cahey,67
Garth,Gwinnel,66
Audie,Stubbs,64
Amelita,Runnicles,18
Carmencita,Curtis,42
Jude,Millichap,72
Harlan,Varnals,59
Jacynth,Evered,18
Demott,Handling,28
Marietta,Holbury,65
Shirleen,Crammy,33
Meredith,Billo,66
Marj,Keyes,29
Agretha,Chapiro,24
Barnie,Tilburn,64
Marne,Dowse,85
Tammara,Lowndes,25
Bryn,Beddis,34
Ximenes,Templman,50
Alana,Hylands,83
Sampson,Artz,30
Karole,Despenser,22
Sharlene,Gentzsch,45
Obediah,Masser,36
Willa,Fesby,75
Robbert,Ghidoni,31
Patience,Klewer,38
Thalia,Maciaszek,62
Rosemary,Cow,24
Lezley,Langdridge,83
Pru,Picford,75
Odie,Slamaker,28
Donovan,Gusticke,23
Hiram,Mitford,84
Garv,Stiffkins,75
Wanda,Vischi,43
Drusie,Chard,44
Genni,Nolleth,55
Grover,Sineath,57
Rachele,Chessor,18
Kristina,Guildford,72
Dene,Goacher,27
Lezlie,O'Shields,20
Gerry,Simnell,29
Orran,Johannesson,19
Corbin,Mahood,52
Octavius,Katzmann,60
L;urette,Slee,46
Andres,Stallen,48
Fergus,Rustadge,74
Port,Blackbourn,36
Lisle,Nightingale,21
Kipper,Seamon,26
Tate,Rolls,68
Perl,Ochterlony,36
Shanta,Westoff,57
Brittaney,Balsellie,51
Rhody,Gatecliffe,83
Jillane,Ledamun,60
Haley,Cahen,55
Ariella,Rohloff,74
Waylon,Knifton,45
Miranda,Eshelby,60
Scotty,Coat,23
Rosanne,Ales0,19
Beatriz,Gaskoin,34
Octavia,Jockle,52
Lura,Kolak,60
Gretel,Kalisz,33
Lita,Dechelette,80
Shepard,Deamer,83
Guthrey,Colchett,74
Mattie,Holleworth,46
Zachary,Greenstreet,66
Gae,Bromidge,37
Tedi,Cornner,78
Eduard,Pinwell,61
Jorrie,Lappin,35
Gloria,Fuentes,68
Hayward,Pohlke,64
Perice,Nevett,46
Sibeal,Simanek,21
Tamarra,Haverty,70
Timotheus,Piperley,80
Kore,Simunek,82
Brnaby,Butcher,50
Giovanna,Vell,70
Lucy,Tomini,52
Rori,Whiteway,76
Sallee,Vain,46
Greggory,Bussey,54
Jessamyn,Olliver,44
Gwennie,Ruggs,33
Michell,Hablot,32
Meredeth,L'Archer,78
Charlena,Elcy,79
Stevie,Eilhertsen,41
Win,Le Bosse,37
Lay,Jachimczak,47
Hewet,Wyche,44
Carly,Castagnasso,29
Nelia,Eake,48
Rycca,Whimp,51
Cairistiona,Bycraft,59
Garvy,Bertl,28
Tracy,Digance,74
Merl,Tickner,18
Coleman,Tremaine,27
Ferdie,Martynov,31
Rachael,McGivena,70
Vita,Drewes,67
Nan,Langran,80
Donall,Whitbread,49
Chris,Faulconer,42
Elianore,Wickrath,29
Mindy,Fennelly,58
Karen,Glasscoo,61
Ike,Brownsey,75
Reade,Sawkin,44
Elston,Du Hamel,73
Griff,Dilon,59
Meryl,Huddle,39
Alethea,Doding,61
Berna,Jaksic,46
Klaus,Cammack,21
Norrie,Seeman,80
Katalin,Robert,40
Laverne,Bunney,49
Marguerite,Draye,38
Aurie,Vinten,53
Linette,Crown,21
Blanca,Pughsley,76
Shannan,Rolse,57
Davis,Maguire,73
Karena,Boller,76
Gloria,Eggleston,42
Rouvin,Plank,47
Hamlin,Hanmore,41
Bobby,Soro,84
Esme,Clausius,47
Oriana,Stenner,28
Alvira,Toma,72
Orlando,Attwood,63
Cinnamon,Essame,22
Arden,Wookey,65
Chiquia,Jaskowicz,30
Redd,Lineham,63
Jone,Spaven,74
Fred,Simonich,30
Ericha,Pardie,37
Paco,Hamblington,18
Meggi,Chadburn,85
Vale,Giddons,62
Carola,Gillmor,47
Ralph,D' Angelo,70
Micheil,McDonald,53
Margaretha,Goby,30
Onofredo,Pendle,61
Lucy,Perin,26
Elladine,Moulsdall,19
Leila,Orrett,25
Matthieu,Gomes,78
Jorge,Gegay,28
Constancia,Matthius,82
Marty,Leather,73
Meghan,Prichet,33
Davy,Swadling,65
Sileas,Jennings,50
Paulita,Brickstock,78
Spenser,Snowdon,46
Madelena,Leslie,54
Renate,Stitle,85
Ber,Godmer,72
Rosaline,Jancey,26
Inez,January 1st,37
Hilary,Lindell,18
Banky,Angliss,80
Alexandrina,Enrdigo,84
Zeb,Lacky,44
Vernon,Jefferys,50
Flss,Scatchar,38
Constance,Pring,20
Gonzalo,Dawdary,81
Livvie,Manis,56
Hope,Scholcroft,82
Kennedy,Glyne,38
Wallache,Peschka,84
Gustavus,Cull,75
Alta,Warden,54
Forrester,Smardon,29
Marna,Duckhouse,53
Ingaborg,Morbey,28
Federica,Viste,68
Corey,Officer,42
Wilt,Siman,53
Michal,Krout,79
Hodge,Jeduch,84
Sianna,Emmitt,74
Karyn,Jickles,41
Caroline,Gilkes,53
Anetta,Learoyd,57
Helena,Carley,35
Kerry,Bowmaker,35
Yoshiko,Heber,79
Ola,Doyle,55
Rory,Steeden,20
Montague,Neasam,44
Frances,Plumstead,31
Dill,Boarer,50
Jackie,Loveless,38
Sergeant,Smallpeace,45
Rosene,Dade,76
Shayna,Barham,59
Kissee,Ogilvie,33
Shane,Stryde,27
Britte,Leibold,58
King,Gorgler,58
Norah,Weale,60
Kort,Tremellier,84
Lilah,Dymocke,34
Betta,Hexam,35
Durant,Beverley,81
Nathanael,Colwell,40
Toiboid,Rendell,53
Rosanna,Rosenblath,52
Terrijo,Domenichelli,77
Bengt,Bauckham,85
Sigfried,Coolson,19
Fayth,Borzone,85
Meryl,Allwright,38
Joya,Pache,69
Oona,Springle,69
Jon,Reddecliffe,53
Julie,Swatheridge,19
Mickey,Domone,20
Inger,Gummie,32
Fielding,Ord,59
Freddy,Sedworth,24
Arlina,Penvarden,52
Pearle,Laite,75
Dierdre,Jouannin,74
Paule,Kruse,24
Gregor,Duffell,63
Ardenia,Sobtka,32
Aridatha,Medlin,23
Phaidra,Gowan,85
Ramona,Cattow,48
Terza,Brownsworth,55
Germaine,Doveston,21
Flory,Reville,60
Fredericka,Vaudre,34
Ruggiero,Capper,38
Otis,Geal,48
Clevie,Downs,85
Nike,Classen,52
Gianni,Daveridge,64
Elke,Heatlie,22
Merla,Asson,56
Sinclare,Grumley,36
Kasey,Hayball,63
Binnie,Nurny,33
Nadya,Beavington,76
Kaela,Crippill,43
Mal,Brizell,42
Madonna,Libby,64
Torrance,Wannell,41
Alfi,Legrave,67
Asia,Mash,21
Patrizio,Sergent,29
Mariette,Hunnaball,53
Minnie,Bearn,38
Charo,Shurmore,75
Clarinda,Klosterman,29
Mendie,Grastye,72
Casie,Greeding,20
Barr,Rippon,37
Hesther,Dagworthy,44
Laverne,Radborn,65
Allegra,Dyzart,20
Vale,Avarne,46
Osbert,Crews,71
Stafani,Eayres,46
Brit,Harmstone,77
Linnet,Trousdell,20
Danna,Padell,72
Letta,Segebrecht,38
Davine,Biggam,34
Othelia,Hankey,62
Berti,Dockray,67
Henri,Mawman,48
Pandora,MacCome,51
Kial,Crank,44
Jerrome,Coventry,85
Hermann,Ambrus,32
Ferrell,Munby,30
Mattias,Hollebon,72
Blake,Lardner,51
Marilyn,Allender,68
Goldarina,Beddow,83
Seward,Lynnitt,34
Burr,Fould,61
Florencia,Haslock(e),32
Geri,Albany,47
Jillene,Whittleton,21
Rici,MacLaughlin,68
Bel,Wardley,66
Zulema,Waltho,39
Staci,Ismay,53
Brandice,Shergold,69
Conny,Duffil,25
Shepperd,Garnul,61
Townsend,Booth-Jarvis,78
Lisle,Breinlein,55
Wendeline,Petruk,41
Eldon,Gartery,28
Rooney,Smelley,80
Tabbie,Mennithorp,43
Nannette,Elkington,79
Reggis,Berzons,73
Bern,MacClure,55
Jacklyn,Gilligan,47
Emmanuel,Sambrook,73
Ned,Crebo,64
Morissa,Cochern,71
Reba,Giddy,68
Ermin,Dentith,19
Ad,Gockeler,52
Domenico,Shiel,31
Lance,Aronin,57
Forrest,Whitbread,83
Mireille,Bolesworth,25
Beltran,Caulier,28
Barbra,Sproul,39
Jermaine,McEwan,65
Rhetta,Pinard,78
Alex,Gyles,31
Kitty,Terzza,66
Dale,Eudall,50
Florence,MacGruer,60
Shannen,Crimes,70
Marabel,Lanfranconi,84
Killie,Headly,31
Dianemarie,Gyver,85
Odille,O'Hartigan,42
Reggie,Ottam,31
Dexter,Moxstead,69
Henrieta,Clemett,35
Denna,Harnes,66
Moshe,McLucas,83
Deonne,Breacher,61
Broddy,Lemmers,56
Berton,Concannon,44
Nonnah,Gresley,24
Jordan,Frisch,60
Cecilia,Balog,80
Theobald,Killbey,50
Elenore,Reimers,47
Edward,Bratcher,46
Tamera,Cisar,42
Donnie,Hilldrup,59
Lynnelle,Ackerman,69
John,Iskowitz,32
Cedric,Pearde,71
Aurilia,Bonett,20
Hube,Beckinsale,61
Read,Wolffers,35
Corri,Gargett,62
Sarine,Wildbore,76
Harri,Waddilove,43
Rona,McKea,72
Martha,Fairley,84
Huey,Piddlesden,65
Kerwinn,Camacke,54
Alic,Merle,37
Matthiew,Golt,50
Camilla,Knewstub,81
Jocelyne,Berriman,35
Allegra,Stanbury,45
Matteo,Golly,43
Brian,Lawlee,19
Keary,Raeburn,47
Jarrad,Salzberger,85
Salomone,Crummay,74
Agace,Hover,68
Aldus,Shuard,81
Menard,Osant,79
Shandie,Furst,23
Jarrett,Bexon,38
Clemmy,Early,40
Gary,Caustic,55
Hilary,Dreossi,42
Filmore,Keuneke,35
Genni,Bellie,48
Felicle,MacWhan,68
Jodie,Kindell,23
Jocelin,Pagin,84
Skippie,Filintsev,36
Tiffanie,Falshaw,28
Natassia,McAleese,53
Annamaria,Insole,68
Aura,Chelam,83
Ludovika,Malpas,85
Delinda,Gowans,30
Parnell,Ratray,61
Wileen,Fitzgerald,26
Wolfie,Kiddy,79
Patrick,Lascell,21
Darell,Maslin,33
Lorenza,Kinkade,65
Kamillah,Crockett,34
Kev,Lademann,85
Gwendolin,Weatherhill,69
Tybi,Czapla,55
Ranique,Burdell,53
Jacquetta,Lodo,43
Marlie,Forsard,72
Westley,Simacek,43
Philippe,Guerriero,77
Bonnibelle,Gowdy,48
Tedd,Salvadore,34
Lionel,Dewicke,67
Tiebold,Torrie,19
Luther,Renol,22
Courtnay,Bartolacci,33
Abelard,Yitzhok,18
Kettie,Franzman,72
Guillaume,Poore,35
Lolita,Kerswill,18
Lindsey,Brewin,29
Dinah,Ashwood,79
Odelinda,Poter,52
Trueman,Fernan,30
Cam,Robbie,44
Neysa,Wayne,55
Bar,Kee,74
Adrienne,Giblin,62
Ozzie,Bagby,56
Lambert,Hannam,30
Anetta,Bram,49
Bendicty,Vannah,21
Tarrah,Soares,22
Modesty,Eveling,42
Garreth,Monksfield,37
Caz,Caird,30
Minna,Gorthy,71
Phineas,Ondrich,68
Fionna,Look,56
Helen-elizabeth,Sibray,38
Chancey,Houlridge,65
Chicky,Barnewelle,22
Trista,Rawne,78
Magdalena,Keddle,24
Dean,Johannesson,54
Melodie,Hawthorn,42
Ricoriki,Riteley,75
Uta,Folk,84
Hermione,Impy,84
Zarah,Lago,53
Jenna,Duding,22
Gardy,Richarz,40
Zebadiah,Corr,50
Stanly,Lince,71
Urban,Coniff,44
Alessandro,Davidovics,48
Melesa,Mc Mechan,27
Sande,Baggs,77
Marissa,Mallock,28
Elaine,Price,58
Betti,Kruszelnicki,30
Montgomery,Janowski,26
Nola,Maylard,43
Ariana,Selwyne,78
Nanny,Heathcote,46
Curt,Stooke,78
Orelee,Branigan,76
Chas,Lunt,76
Stephan,Kroon,81
Anastasia,Orum,40
Yolane,Benjafield,35
Earlie,Bygreaves,54
Kipp,Gothliff,75
Nadiya,Haselup,22
Vicky,Whotton,22
Kendell,Bartholomieu,84
Celka,Klaaasen,57
Edwina,Redihalgh,52
Horace,Ingolotti,49
Sibeal,Lelievre,51
Merle,Banfield,76
Jolene,Poundesford,23
Judye,Croucher,46
Jan,Hussy,44
Adelind,Grisenthwaite,40
Hannie,Pluck,79
Dickie,Whitear,79
Vera,Strowlger,25
Vera,Jerg,67
Lay,Arend,37
Marten,O' Molan,45
Leann,Colnett,29
Dido,Clissold,35
Clevie,Rumble,78
Sheeree,Loxton,79
Gizela,Seers,57
Karil,Maker,42
Cyril,Sorrel,53
Lodovico,Yateman,82
Betsey,Pond,46
Sukey,Scamaden,18
Kenn,Jenne,49
Krissy,Pipet,72
Spense,Udey,83
Elysha,Strainge,18
Emerson,Lorenzo,40
Elise,Barclay,60
Perren,Stancer,70
Jeffrey,Goutcher,63
Dore,Mumby,67
Vickie,Vicent,56
Gracia,Jack,18
Malchy,Allone,72
Emylee,Pecha,63
Dodie,Greenrde,30
Reggis,Breens,65
Corliss,Shevlan,29
Chiarra,Konerding,44
Marcelline,Knight,54
Mathew,Stoneley,80
Huntlee,Simmons,50
Pasquale,Glowach,42
Blake,Hinrichs,26
Talia,Woollhead,80
Hyacinthe,McGeever,69
Corrie,Cullinan,68
Eustace,Jamson,63
Aksel,Gartery,42
Ramon,Battill,35
Cristobal,Frawley,23
Tony,Meenehan,78
Gretel,Metterick,54
Lenka,Skylett,65
Perl,Batch,46
Eileen,Clutterham,73
Stormy,Giraldez,79
Sonny,Hovenden,36
Maurizia,Van der Kruys,51
Jackqueline,Pringuer,68
Fiona,MacMillan,75
Thaine,Scuffham,75
Gwenore,Toffetto,76
Sorcha,Franc,56
Johnny,Brome,31
Frankie,Benkhe,73
Kristy,Dibling,18
Minette,Arnall,72
Jordon,Vicker,45
Mason,Myers,67
Mona,Sharnock,66
Artus,Welchman,50
Jocelyne,Mertel,35
Lauri,Filippo,62
Gus,Couroy,61
Lorens,Lemin,55
Ashleigh,Grantham,72
Cammi,Creaney,76
Ingaborg,Lardiner,36
Tamra,Bulter,28
Aaren,Broadbear,55
Dwayne,Vowels,45
Renie,Rohmer,49
Lenard,Steade,41
Avis,Landsman,57
Keen,Smees,41
Trip,Edgcombe,33
Ruthann,Barron,32
Prentice,Torrie,68
Dory,Doyley,38
Zaccaria,Grooby,62
Carree,Shepherdson,46
Darryl,Tregido,33
Valina,Sinnett,37
Allene,Plumbridge,44
Jodee,Diglin,22
Colette,Coneybeer,24
Una,Basten,32
Filmer,Gare,37
Carlita,Schruur,34
Sim,Henrion,69
Trenton,Gianotti,46
Lebbie,McNicol,81
Kelcy,Geraldez,76
Reggie,Brazur,52
Clarke,Belshaw,20
Sharity,Lowther,65
Yasmin,Tutchener,45
Mercie,Cubley,23
Andreas,Tupp,44
Dimitri,Shewon,42
Jorie,Emmer,70
Martita,Freschi,42
Aurea,Sreenan,46
Haskel,Perton,37
Trixi,Simion,82
Timothee,Brennenstuhl,53
Vinnie,Carlo,36
Hendrick,Milton,70
Glenine,Seamer,20
Valli,Mixer,39
Aubrey,Prester,83
Jason,Gillion,41
Ingar,Yerill,73
Winfred,Coulthurst,71
Wittie,Feares,45
Meyer,Loughrey,63
Brandie,Zollner,42
Charmaine,Wibberley,43
Brucie,Sansbury,63
Irene,Verni,34
Madeleine,Pesticcio,25
Bartholomeo,Dyment,42
Sammie,Mathivet,62
Celine,Loos,45
Alasdair,Connachan,67
Coretta,Cassam,29
Paige,Hellsdon,27
Dyanna,Semark,21
Adlai,Gladdin,46
Lilyan,Membry,80
Cello,Mullin,67
Ricoriki,Josling,47
Penny,Doel,61
April,Plues,34
Waly,Brymham,47
Emmit,Croote,40
Karly,Artindale,44
Karlee,Freeland,82
Lise,Line,74
Myrah,Overlow,46
Smith,Gillon,23
Irita,Folks,23
Giraud,Splain,65
Chlo,Landeaux,58
Fransisco,Cloney,70
Konstance,Carrabot,20
Maye,Goldspink,59
Sargent,Morsley,72
Dasya,Coburn,82
Florida,Beyer,31
Eldin,Hacard,63
Gisela,Gouinlock,82
Hermie,Shalloo,33
Miguel,Keasy,30
Timofei,Heady,43
Marshal,Waggitt,44
Celie,Nethercott,20
Gaspard,Christou,66
Clerc,Duny,55
Deck,Neubigging,63
Angel,Broggetti,41
Tiffanie,Tallon,64
Gael,Enderson,54
Bryon,Byard,78
Marion,Awty,38
Tanya,Werrit,60
Valaree,Ferry,37
Ernaline,Heino,46
Meridel,Josilowski,32
Odie,Baser,57
Felecia,Polland,65
Harmonia,Laye,37
Micheil,Gatenby,72
Bo,Roseman,42
Rafaello,Cello,47
Waverly,Talks,79
Nelson,Bakhrushin,33
Abbey,Geelan,77
Zaccaria,MacAllen,26
Aida,Asmus,31
Beauregard,Garnett,79
Angie,Milillo,27
Pen,Bacon,62
Ricardo,Shillum,38
Earle,Hacun,77
Laetitia,Riach,29
Andras,Danniell,66
Concettina,Follos,63
Webb,Berge,41
Clyde,Carine,72
Jean,Swetman,53
Richard,Dulanty,66
Alastair,Scroggie,70
Vincenty,Trusse,46
Tracy,Bayman,34
Merna,Jansa,33
Kristien,Vannoni,42
Jakob,Twaits,58
Francisco,Le Pine,30
Cecelia,McPhate,54
Aridatha,Stoffels,63
Aurilia,Raggles,49
Van,Bolderson,63
Case,Crumley,38
Ulises,Caswall,45
Demetris,Holdron,41
Augustine,Bly,68
Munmro,Duckerin,31
Julina,Riches,70
Kim,Shallo,53
Beatrix,Bromidge,27
Merle,Roller,39
Devonna,Dallman,63
Germaine,Arsnell,43
Wiatt,Duigenan,82
Rolando,Pentycross,72
Mallory,Febry,37
Teodoor,Linzee,59
Perceval,Pawlaczyk,46
Olivette,Jaynes,42
Winston,Reynard,40
Waiter,Winspear,20
Jazmin,Steely,62
Isidore,Icke,79
Shara,Fransoni,26
Mattie,Keat,29
Brenn,Culverhouse,73
Gates,Johnys,55
Crosby,Schoenleiter,59
Sammy,Watters,22
Hanson,Roseburgh,69
Rand,Magauran,18
Natale,Hotson,55
Hamnet,Birtles,55
Erskine,McCuthais,21
Nert,Lamblin,49
Mia,Christin,41
Stormy,Addeycott,39
Millisent,Brownjohn,54
Alysia,Kembry,19
Katlin,Frankish,52
Paule,Robberecht,39
Ginevra,Gilstoun,62
Elfie,Corzon,36
Cortney,Kilfether,75
Joe,Moyle,29
Debbi,Condy,67
Domingo,Knuckles,25
Willetta,Cawthry,31
Rasla,Banishevitz,38
Kaleb,Petrillo,84
Waldo,Gouny,20
Bethena,di Rocca,78
Cari,Chatin,75
Kariotta,Neem,46
Salomone,Conachy,41
Noland,Occleshaw,63
Mollee,Maginot,76
Tiffie,Adamou,80
Mercy,Medhurst,47
Drugi,Seemmonds,85
Arnoldo,Betjes,19
Anton,Blampey,82
Annabel,Terese,37
Lurleen,Bucktrout,62
Leontyne,Oblein,78
Marlo,Brymner,27
Filberte,Judd,51
Alisander,Birkenshaw,85
Graham,MacCaull,51
Gianni,Peeke-Vout,20
Allianora,Howselee,84
Della,Wapples,29
Tish,Boodle,37
Adam,Borrel,63
Daven,Place,66
Steffane,Gotts,64
Jaquenette,Coopman,41
Thaine,Tweedlie,63
Cecil,Berr,59
Gibb,Fitzsymons,39
Emlynne,Deplacido,27
Hillyer,Linger,28
Merell,Grushin,40
Garth,Hellyar,43
Sebastian,Childes,77
Casie,Janko,40
Jammal,Mosson,33
Marcel,Dubble,63
Lorna,Paynes,40
Paton,Daft,22
Fulton,Webber,67
Hillie,Ellor,43
Yasmeen,Henighan,69
Paule,Sanham,32
Jenica,Aikman,67
Malorie,O'Garmen,28
Irvin,Sweetland,84
May,Bilbie,65
Adair,Jordanson,82
Monica,Jakel,31
Bonnee,O'Connor,40
Pet,Soulsby,65
Ardelis,Pawle,51
Siward,Bygraves,53
Ursulina,Gooden,21
Rachelle,Widdall,49
Emmit,Desporte,46
Aldon,Lytell,75
Barbi,Conybear,33
Meier,Khomin,43
Milzie,Scase,75
Alfonso,Caress,31
Xylia,Falck,64
Carmella,Waylett,52
Adan,Bess,27
Parnell,Wesley,31
Ferrel,Naisby,59
Moses,Gockelen,72
Martynne,Matfin,45
Tiff,Straw,80
Kimball,Loutheane,61
Bram,Ownsworth,48
Carissa,Tersay,55
Claude,Schroter,48
Conrad,Segot,63
Cari,Bickell,63
Rutledge,Wendover,56
Prent,Bulter,22
Sibylla,Ambroise,36
Sibel,Featherbie,52
Casar,Ast,35
Marlene,Vreiberg,61
Merrill,Darragon,49
Brendis,Tremlett,83
Salomi,Bezley,37
Jolie,Droghan,40
Brianne,Badsworth,74
Tobie,Matyas,54
Broderic,Howgego,33
Valry,Linnane,25
Loralie,Broadstock,38
Sondra,Bartozzi,83
Kathleen,Axel,76
Trumann,Bartlett,42
Loreen,Brychan,29
Dorothee,Cowtherd,52
Quincey,Jeroch,76
Cornie,Mounch,19
Lek,Lickess,66
Lauraine,Freeman,20
Cash,Dodding,70
Gena,Clemas,71
Horatio,Leer,31
Nikolia,Poytheras,27
Steffen,Kuhnke,18
Farly,Prozescky,67
Abbey,Filkin,57
Chris,Ciottoi,47
Martainn,Zanioletti,26
Sherm,Measham,70
Starlene,Misselbrook,59
Agretha,Fewster,79
Sansone,Firbanks,56
Fidelity,Blethin,50
Gene,Maddicks,19
Zorina,Jewess,20
Cointon,Getty,61
Dixie,Westhofer,77
Abbie,Merrell,30
Barry,Thresher,73
Kariotta,O'Kelly,81
Byrom,Dorrity,24
Pate,Garthland,48
Natty,Gecke,27
Nico,Craft,45
Nonah,Frazier,55
Lonnard,Ransbury,82
Bride,Rutley,26
Cherin,Gumb,80
Godfrey,Postill,54
Kinny,Cluatt,26
Gaston,Dundendale,76
Lenna,McChesney,35
Marabel,Crake,83
Corbet,Dachey,65
Herbie,Swatton,37
Anni,Dmitr,54
Cross,de Broke,37
Gill,Deards,57
Arin,Heliar,82
Anatola,Indruch,36
Malia,Pullinger,27
Maryann,Dudlestone,77
Shanna,Hicks,77
Fraser,Humberstone,42
Marguerite,Trank,67
Ddene,L'Archer,47
Verina,Hoult,34
Waring,Kewish,35
Moira,Tape,28
Franklin,Raselles,74
Etienne,Jennings,77
Torie,Pehrsson,50
Rory,Ryde,37
Mair,Skea,24
Sabina,Tremmil,47
Anabelle,de Werk,37
Case,Dowdney,46
Robinetta,Golden,22
Reggis,Dalyell,53
Rad,Driver,54
Jemie,Shales,50
Nev,Harburtson,83
Elvina,Beningfield,34
Lyndsey,Anthonies,72
Lanie,Tewkesbury.,82
Maxwell,Gotcher,24
Joice,Warbeys,55
Eziechiele,Bygate,38
Gabriela,Bumpas,78
Alexandros,Troy,63
Wainwright,Higgoe,72
Peirce,Leafe,38
Zia,Peskin,22
Benedicto,Esseby,80
Johnath,Fancott,47
Darn,Dearing,77
Sherlock,Search,51
Hart,Pillans,57
Horst,Stobo,23
Crista,Merit,73
Collie,Strathern,53
Abdul,Turmall,25
Ester,Lovstrom,74
Trstram,Kitman,64
Bamby,Ferenczy,44
Collin,Mumford,83
Henriette,Carpe,53
Shannen,Cowlishaw,72
Horatius,Messer,19
Addi,Jiricka,43
Arleen,Guppey,60
Alwyn,Levesque,64
Aaron,Nast,85
Rorie,Soughton,27
Catriona,MacTrustram,52
Cristin,Conibere,43
Stu,Cottee,83
Cassey,Hamman,60
Uriel,Catteroll,75
Thebault,Naish,64
Donall,Denziloe,56
Adi,Balfour,46
Gavrielle,Timeby,24
Johnathon,Dwelling,47
Lynn,McGeagh,82
Michaella,De Biasio,25
Efrem,Stedson,23
Tristam,Hamlin,55
Mirabel,Geering,49
Alfonso,Slinn,52
Renae,Sheddan,57
Karrah,Ackwood,71
Kenon,Behnke,19
Hannie,Gurrado,32
Windham,Glowacki,69
Frederik,Thonger,45
Beltran,Jancy,36
Mathe,Devitt,25
Fran,Barrim,57
Hillard,Skyme,45
Vladimir,Monkton,26
Alayne,Have,34
Caria,Cuttin,44
Winnie,Maty,18
Eziechiele,Loud,29
Sawyer,Woolam,65
Ann,Koschek,61
Chris,Liebermann,73
Shoshanna,De'Vere - Hunt,44
Abraham,Deluze,65
Peyter,Trowler,61
Cicily,Banks,37
Stanton,Hackin,57
Kristos,Olive,38
Umeko,O'Shavlan,69
Idalia,Poulson,73
Roldan,Pieroni,57
Ebony,Rawstorne,43
Rubetta,Meijer,18
Carlen,Abrahmer,78
Maurise,Bandy,61
Marji,Wickson,70
Lucy,Chisholm,62
Noach,Aldington,52
Tiphany,Govern,70
Crissie,Snalham,56
Sophia,Divina,54
Othello,Candlin,27
Vanda,Halleybone,34
Arden,Wiltshier,23
Wanids,Byers,74
Clayton,Corden,32
Otes,Pelzer,31
Lorna,Messham,52
Noell,Mapletoft,24
Langsdon,Degnen,23
Whitaker,Ponten,55
Gaelan,Hubball,18
Traver,Coulter,69
Sula,Guitel,31
Chloe,Downes,72
Giacobo,Streat,59
Minni,Dulen,23
Chicky,Emlin,65
Stearne,Inchley,43
Antons,Nabbs,81
Carolin,Bonsul,34
Herold,Paviour,81
Miguel,Drivers,44
Catha,Bigglestone,81
Prentiss,Cosstick,22
Ellary,McEntee,75
Janis,Kendred,69
Symon,Beldam,54
Jacynth,Jeggo,69
Bride,Blackwell,52
Randy,Stobbie,21
Tiebold,MacShirrie,44
Sascha,Haselwood,36
Barbee,Jahns,56
Barby,Ply,75
Norbert,Mustin,45
Jennifer,Stewart,80
Francesca,Copas,56
Randene,Cuttings,23
Martguerita,Bassano,53
Sterling,Joder,75
Candra,Tomas,56
Fey,Langston,22
Abbe,Hibling,79
Valenka,Reily,59
Daveta,Hupka,83
Grier,Dealy,80
Tanhya,Burgis,32
Orel,Lees,74
Margalit,McAloren,35
Lark,Grave,61
Biddy,Cheves,62
Simonette,Silkstone,70
Nickie,Crates,85
Suzy,Beagrie,22
Tammie,Buttfield,64
Ophelia,Pickin,67
Neddy,Boggers,49
Kim,Radband,43
Stacy,Dorant,44
Sherman,Toby,83
Sherwin,Jirik,54
Den,Godson,75
Melva,Willoughey,56
Hailey,Heinel,82
Alecia,Bartoloma,33
Sharleen,Ortzen,35
Maximilian,Tebb,47
Erek,Luff,25
Bat,Le Merchant,74
Bab,Schutte,53
Taryn,Jellico,56
Gregorius,Kittredge,54
Yorgos,Dewerson,30
Krissy,Lambotin,59
Stephanus,Riddles,54
Sallyanne,Jahndel,36
Lou,Cannop,48
Ilka,Keble,33
Teodoor,Draijer,42
Willi,Spiller,44
Devin,Anetts,29
Hilary,McTurk,42
Renaud,Luddy,42
Gil,Heaslip,66
Robin,Van Salzberger,53
Emlyn,MacKeever,45
Barrett,Marke,19
Gena,Harder,65
Rivi,Olivari,66
Fidel,Finlay,52
Richard,Horsell,25
Loutitia,Orts,64
Arlyne,Janu,61
Gabriello,Purdie,79
Arliene,Bullick,54
Trudey,De Hooch,39
Reade,Cushelly,37
Frayda,Brabban,31
Jeanie,Swett,23
Elwood,Dimitrov,21
Jerrold,Linskill,78
Broddie,Fahey,27
Clarke,Gyurkovics,43
Bryan,Chadbourn,77
Chelsae,Eathorne,70
Selby,Wainwright,67
Rosamund,Lohden,55
Alejandro,Pottinger,75
Lucila,Stoodale,85
Lewiss,Hedman,39
Maryjo,De Anesy,81
Isidora,Abrahamson,27
Edsel,Vossing,55
Estrellita,Maleck,36
Alfonse,Habbon,33
Lazare,Lindenbaum,29
Tatiania,Grimley,70
Liam,Dackombe,18
Ingelbert,Petrasek,63
Kelvin,Jefford,45
Torrence,Malimoe,69
Micky,Shackesby,31
Camila,Croxton,24
Florence,Munslow,85
Bertie,Cheney,37
Corenda,Goves,47
Harmonia,Marriner,44
Vladimir,Salvage,61
Deloria,Pearcehouse,55
Penni,Repper,71
Devinne,Wherrett,74
Boigie,Fausset,59
Ardith,Woollam,25
Constantine,Millier,38
Westbrook,Ratcliffe,68
Britteny,Hook,57
Cullin,Kindleysides,77
Livvie,Fassmann,26
Lyndell,Willans,29
Sheilah,Soggee,72
Nathanial,Theze,25
Logan,Simione,29
Adan,Abdie,71
Westbrook,O'Roan,34
Ketti,Gerson,73
Felice,Beedie,63
Elora,Loddon,78
Fred,Bauchop,57
Grady,Kubasek,25
Manuel,Skoof,41
Bondy,Sudy,36
Carmelina,Skeete,80
Heywood,Normansell,27
Janina,Sketch,20
Latashia,Laughlin,23
Cordelia,Shuard,23
Ralina,Trenoweth,68
Sutherlan,Hacun,31
Nadine,Bruckenthal,61
Jobye,Kilmurray,51
Gerhardine,Gogarty,46
Martynne,Liddyard,85
Jaynell,Clemas,39
Orlan,Thomel,78
Sadella,MacClinton,38
Silvana,Britten,28
Auberta,Wordington,78
Emelyne,Eborall,35
Zilvia,Crookshanks,21
Dotty,Birchall,40
Milty,Cordell,32
Aile,Ayers,67
Dulce,Pacht,72
Maurits,Brumfitt,25
Wallis,Laborde,43
Ingrid,Fettes,85
Padraic,Strodder,73
Chilton,Siley,78
Lucas,Jantzen,26
Homerus,Skittles,20
Daron,Bahlmann,24
Konstance,Broun,39
Ulla,Golly,83
Bethanne,Ragge,71
Flory,McGarrity,28
Addie,Lang,80
Ragnar,Ferriday,50
Titos,Flatte,48
Maribelle,Swaddle,21
Stormie,Aspel,18
Jamesy,Delacoste,24
Cymbre,Manville,37
Roosevelt,Cerith,72
Amory,Rowledge,80
Morris,Kubicki,84
Der,Pantlin,46
Sapphira,Benion,65
Dara,Claybourne,29
Timmi,Pinare,53
Davita,Figgs,54
Leonanie,Noot,84
Alan,Stone Fewings,45
Wilie,Gallahue,41
Phyllys,Gounel,59
Katalin,Trivett,48
Karel,Abrahams,39
Tam,Attenbrough,57
Lauryn,Musicka,70
Luther,Attawell,62
Caralie,Hecks,61
Meagan,Hambridge,28
Schuyler,Shank,52
Wye,Pressdee,62
Martica,Wickman,51
Reine,Bresnahan,66
Liliane,Garaway,80
Loren,Scattergood,49
Kerby,Sabie,30
Rodrique,Callen,62
Gaynor,MacGillacolm,46
Terza,Nichols,23
Sauveur,Napthine,27
Winthrop,Burnup,51
Horace,Buard,67
Carola,Coombes,81
Herbert,Derye-Barrett,22
Christophorus,Begin,68
Jedd,Helkin,75
Jourdan,Motton,36
Aida,McKevitt,40
Sammy,Orht,18
Kalle,Pridmore,46
Solomon,McVeighty,18
Denys,Schiesterl,36
Giulio,Bruce,39
Laura,Dighton,18
Carlyle,Willgress,29
Elyse,Shelley,63
Orel,Febry,75
Barris,Giannoni,72
Tiffie,Kirkby,56
Sybyl,Kenford,62
Sada,Mersh,65
Cyndie,Farriar,28
Roby,Slowan,31
Reilly,Peepall,27
Vin,Deely,25
Dexter,Lideard,30
Didi,Jackalin,46
Colline,Bernade,36
Sidnee,Dunnett,28
Hirsch,Docker,81
Jere,Brigshaw,30
Kelsey,Pickerin,26
Rycca,Goodluck,40
Yvon,Hebden,45
Janean,Kapelhoff,20
Gena,Bottinelli,70
Flore,Broddle,20
Dennison,Raraty,29
Sheba,Dyment,60
Ranice,Weildish,32
Deeann,Wandrack,44
Clementius,Hanton,82
Debbie,Ickovici,44
Garik,Lygoe,83
Wenonah,Ferruzzi,84
Althea,Burel,82
Giuseppe,Switsur,53
Raymund,Yantsurev,58
Ranice,Bewshea,60
Ronnie,Garratty,58
Abdul,Braams,48
Joann,Catterson,79
Ivan,Zolini,45
Clarance,Burdfield,64
Daphna,Dericot,83
Crissy,Pettingill,25
Ulla,O'Dare,55
Stanly,Wakefield,30
Townsend,Comelini,19
Karoly,Levis,27
Genni,Heed,41
Orion,Baldrey,23
Gabie,Thirkettle,32
Babs,Adamo,29
Cynde,Moss,78
Stafani,Laffling,47
Herbie,Windaybank,46
Ilyssa,Trace,27
Woodie,Dightham,51
Aldous,Union,56
Nessy,Mapes,54
Adan,Onslow,20
Ricky,Marl,51
Wallace,Mewha,29
Bab,Chipman,78
Shurlocke,Gosker,71
Nester,Beecroft,82
Dorris,Skipton,44
Carroll,Senner,75
Auberon,Sabbin,28
Sal,Danneil,34
Rosalynd,Zemler,31
Chaunce,Floyd,21
Marlon,Rival,75
Vlad,Sesser,68
Sheila-kathryn,Doers,27
Sharyl,Layman,77
Malorie,Ranscome,69
Morey,McCaughren,59
Bartlett,Rampage,56
Robers,Boyfield,58
Viviene,Stopford,24
Farr,Metzel,83
Joanne,Kairns,58
Loren,Giroldi,41
Kathleen,Laity,20
Vanessa,O'Doherty,43
Conan,Lanon,84
Jessy,Winkett,74
Lay,Gundrey,81
Warner,Hairyes,18
Camila,Finnes,50
Fowler,Sivyer,74
Arin,Quarrell,64
Eliot,Brauner,32
Derwin,Baulcombe,21
Angus,MacMearty,38
Nancy,Le Sarr,31
Cinderella,Mieville,75
Lynde,Littlemore,46
Amelie,Putton,43
Kandace,Geikie,51
Leslie,Fegan,56
Pearce,Phettis,74
Norrie,Cockshut,82
Hanni,Purser,35
Milka,Arndell,31
Frannie,Thebeau,46
Hilde,Duddin,71
Benni,Scadden,81
Dusty,Lewnden,50
Milena,Robotham,26
Ruddy,Codling,31
Marika,Landes,66
Glenna,Sargison,29
Rudolph,Stampe,40
Ado,Gilling,73
Packston,Wreight,62
Shirlee,Bourbon,41
Demeter,Leitch,57
Tera,Shimwall,76
Joella,Sancho,66
Alleen,Dickerson,26
Zacherie,Sapena,67
Penelopa,Simms,59
Teresa,Gilligan,57
Ephraim,Wainscot,28
Care,Linne,29
Isahella,Ramsdale,38
Gusta,Keeton,20
Glen,Jirka,61
Albert,Brann,35
Deeann,Lavallie,18
Arden,Vicent,82
Amery,Cornew,33
Camellia,Whitticks,19
Harri,Blencoe,65
Haleigh,Armell,49
Anett,Matyushkin,71
Honoria,O'Carmody,55
Shari,Haresnaip,75
Karilynn,Crilly,39
Maxwell,Keling,23
Caprice,Payne,40
Rubetta,Boase,72
Lorene,Grandham,78
Bellanca,Bartusek,46
Teresita,Seckom,71
Sigismundo,Drache,66
Axel,Basilone,34
Irvin,Cresser,21
Bettina,Ciciari,84
Petronella,Cattrall,62
Sholom,Drohun,58
Zeke,Sapena,32
Garrard,Fern,85
Gustaf,Sisse,70
Reamonn,Donnelly,54
Willamina,Thorburn,66
Anna-diane,Milleton,83
Desi,Folbige,60
Ginevra,Sabatini,78
Murial,Walczak,64
Lucho,Matches,83
Hephzibah,Fright,28
Wylma,Doel,65
Cordell,Ladyman,59
Angel,Allday,55
Nelli,Poundsford,51
Joaquin,Tollmache,77
Kenna,Holberry,44
Allard,Napthine,74
Eolande,Cullotey,20
Julie,Wickstead,44
Saxon,Pettis,28
Hedda,Earey,81
Nariko,Goodacre,29
Nonie,Buddock,63
Vinnie,Webland,33
Vin,Pettegre,40
Hamnet,Vanyard,76
Natal,Beynkn,31
Augusto,Fairbourne,56
Kristi,Keave,68
Pascal,Broadis,31
Lynn,Skippon,51
Kalli,Daal,66
Aimil,Teanby,84
Nixie,Shimmings,20
Laverne,Adhams,22
Perice,Hattam,69
Murry,Hickeringill,84
Malory,Holson,67
Matthew,Pentycost,44
Emelita,Pittway,47
Hal,Hoodspeth,51
Arden,Swinley,62
Brianna,Grivori,39
Dillon,Geleman,65
Phylys,Reiling,32
Connie,Warsap,62
Gwenni,Covey,24
Jermain,Bentham,26
Cathyleen,Brims,60
Julia,Tunnah,20
Egor,Dellenbroker,26
Celesta,Blunderfield,81
Mackenzie,Crankshaw,49
Codie,Blondell,49
Lavena,Johantges,53
Judie,Botton,67
Shaw,Duligal,78
Reginauld,Haskell,46
Townsend,Pinke,18
Teodoor,Morecombe,50
Moyna,Bizley,35
Keriann,Bunstone,81
Reese,Cratchley,68
Pauletta,Sinncock,35
Gibb,Basnall,77
Averil,Denison,26
Alwyn,Helgass,39
Valle,Karlik,27
Bo,Gatecliffe,44
Violet,Foster-Smith,28
Aleen,Cowlard,73
Barde,Davage,18
Karie,Horrod,18
Cybil,Twine,79
Mikkel,Sprade,37
Kariotta,Iacomi,44
Ruperta,Agdahl,31
Stavro,Reyna,51
Hart,Ferdinand,50
Zerk,Ferran,41
Nanny,Gravenell,39
Keely,De Mars,35
Hetty,Buche,26
Hagen,Bernardin,85
Smith,Gotter,47
Sula,Wickes,73
Currie,Filimore,18
Manya,Rendle,76
Scarface,Kings,37
Jourdain,Waistell,37
Conrado,Arnold,32
Anne-marie,Coverlyn,42
Nana,Bettles,44
Keir,Morrison,38
Ingunna,Spier,54
Bathsheba,Learmond,30
Yevette,McPhaden,69
Vasili,Alyoshin,28
Anna,Dolby,79
Giovanni,Doget,53
Margareta,Danks,20
Fifi,Snowball,79
Randal,Tighe,68
Shalna,Chisholm,52
Shaylah,Heiss,37
Barris,Hurdle,77
Kara-lynn,Dymocke,51
Manuel,Swanger,48
Anne,McKinlay,51
Leo,Pavek,49
Ian,McCully,71
Jessi,Anthonies,70
Mufinella,Ongin,21
Tony,Skeates,24
Layne,Inston,26
Casandra,Casserley,73
Rubin,Espinazo,39
Win,Chattoe,85
Ennis,Wyburn,47
Magnum,Fruchon,58
Urbain,Echlin,63
Reade,Gilyatt,68
Culver,Youdell,34
Myrtice,Menicomb,36
Magda,Mallatratt,79
Ram,Shearman,19
Josey,Korejs,78
Malanie,Berrigan,22
Kenon,Ceeley,84
Cchaddie,Lockhart,85
Ade,Yarranton,68
Lazaro,Spires,43
Mychal,Bradbrook,47
Veronika,Casserly,72
Reinhard,Pol,28
Jany,Brownfield,75
Gisella,Kinchington,42
Cleve,de Chastelain,79
Rebecca,Shenton,49
Johnnie,Freire,51
Katrina,Horrell,85
Ronni,Ostick,38
Pepillo,Haxbie,78
Atalanta,Tasker,37
Cleveland,Tzar,59
Flint,Beig,23
Edyth,Aleveque,58
Annamarie,Aitkenhead,41
Darnell,Mackriell,68
Ignace,Thouless,75
Linet,Keaveney,30
Dudley,Gealle,83
Emilie,Whittuck,36
Thibaud,Gentle,83
Beatrix,Haken,79
Elva,Grundon,44
Andrew,Carden,73
Madlin,Cinavas,68
Lucky,Cronk,40
Rafaelita,Saing,43
Harlen,Somerlie,49
Siobhan,Whorlow,62
Ezmeralda,Patnelli,52
Aurelia,Brosini,27
Corrie,Neve,52
Carmita,Cracie,26
Wye,Float,22
Der,Chapelle,26
Zelig,Miall,30
Raddie,Shalcros,27
Bogey,McRorie,79
Gaylord,Shimuk,20
Maddi,Rastall,45
Naoma,Berns,55
Jobie,Vicarey,40
Huntley,Lezemore,78
Appolonia,Hannaway,82
Heather,Fippe,20
Valry,Mayoh,24
Brynn,Norrey,54
Mel,Zeal,75
Dale,Critchard,41
Shermie,Lindenblatt,47
Martyn,Suttling,72
Bondon,Leary,61
Obidiah,Mallabar,35
Bendite,Khilkov,44
Eziechiele,Stutely,63
Mureil,Youel,52
Channa,Phizackerly,81
Alon,Cattrell,83
Neila,Zelley,69
Jamie,Kmieciak,63
Katina,Burdytt,32
Nickolai,Eubank,62
Wilie,Snewin,56
Erma,Kynson,31
Jard,Dungee,71
Pippa,Frowen,66
Percival,Sisley,55
Christel,Hedingham,32
King,Crimp,63
Alden,Ricci,59
Major,Farrimond,35
Valeria,Blaxter,83
Kayla,Pickervance,73
Gare,Lippingwell,30
Marcia,McClinton,30
Wittie,O'Heffernan,77
Leslie,Swin,62
Andrej,Marzellano,80
Chrissie,Simonds,27
Rivi,Brittoner,80
Paola,Eshelby,75
Gibb,Rodgman,38
Joyan,Ever,56
Elbertine,Korpal,66
Oralla,Franceschelli,68
Norton,Nicholas,25
Duff,Varndall,40
Debbi,Hilary,50
Clarette,Tregear,43
May,Fosten,73
Roland,Kingzeth,30
Alfred,Pirozzi,34
Jeremie,Alpe,53
Drusilla,Gandey,78
Deni,Cretney,34
Sigismundo,Bottrell,72
Tobiah,Moring,50
Aland,Ibotson,38
Trstram,Altofts,61
Clare,Kenvin,40
Ronna,Arsmith,21
Thebault,Chellenham,19
Frazer,Axelbee,57
Irvine,Hodges,66
Demeter,Addicott,21
Alleyn,Tweddle,70
Brnaby,Kennler,79
Brooks,Thunder,27
Maryrose,Halksworth,60
Jami,Insoll,25
Rafi,Blasio,85
Tory,Bursnall,33
Theresa,Southwell,80
Kalle,McVaugh,46
Essa,Scriver,69
Den,Styles,41
Berti,Bartlosz,26
Jenica,Bravery,60
Evy,Capon,21
Merle,Lauret,38
Hugh,Axten,31
Kent,Soots,39
Burke,Mourant,18
Kele,Izaks,32
Iolande,Sabine,45
Penny,Reichert,30
Winnie,Mauger,79
Pip,Girardez,78
Brodie,Dungey,64
Abel,Forrest,44
Lynne,Bootton,57
Hollyanne,Few,53
Etta,Gallichan,27
Marya,Gibbens,26
Enrico,Moore,75
Gael,Hales,64
Faustine,Gores,24
Perla,Gianilli,73
Kaitlin,Allward,19
Delainey,Etheredge,81
Gerhardine,Halvosen,84
Uriah,Febry,40
Jo-ann,Fricke,43
Gerhardine,Kinsella,84
Gasper,Taunton,40
Ferris,Schlagtmans,54
Bear,Casper,79
Ricoriki,Brydon,19
Annnora,Angove,48
Mallory,Arlidge,70
Hilly,Clarabut,22
Shaina,Marnes,69
Dorene,Treharne,39
Thaxter,Turbefield,45
Antin,Andrivel,58
Shirlee,Crann,42
Johna,Howey,70
Emmalynne,Wais,42
Morly,Johann,73
Rodie,Abelevitz,45
Ingelbert,Band,74
Juanita,Robinett,22
Carling,Speake,77
Hersch,Belding,35
Jermaine,Wilshere,43
Cris,Allmann,53
Rivalee,Bernath,19
Pam,Landrick,57
Isidor,Puncher,82
Christoffer,Walenta,26
Micheline,Kerridge,46
Ira,Gregoletti,83
Eziechiele,Taks,51
Jermayne,Blinerman,51
Lita,Timmins,62
Zachery,Sutherby,28
Shayne,Coulling,80
Linc,Ghidini,33
Tam,Duetsche,64
Loydie,Drable,51
Nonah,Bayston,18
Bonny,Hatto,20
Marne,Flanaghan,76
Natal,Kiellor,21
Iris,Peto,18
Corly,McDonogh,20
Anstice,Greetham,19
Tuesday,Bullingham,63
Berthe,Boulds,84
Benetta,Iglesias,23
Evy,Yearnsley,28
Cherida,Townby,75
Rodger,Guinan,57
Sibyl,Haskur,84
Dominica,Paaso,23
Delphinia,Kloser,36
Perl,Rubee,47
Phyllis,Dedham,82
Bryce,Jest,48
Emma,Gott,84
Bunny,Dorgon,74
Beltran,McGrale,81
Phedra,Kunrad,81
Sheree,Sheerman,58
Kyrstin,Peel,57
Lila,Taborre,46
Maximo,McGeachie,34
Sophi,Ivakin,77
Bradley,Yedy,57
Theodor,Cutcliffe,84
Ilario,Tomlett,69
Ruthy,O'Sherin,39
Eugine,O'Hare,38
Tadio,Wark,79
Mar,Dockree,24
Verge,Elmore,35
Reinwald,Longmire,37
Tore,Kernoghan,47
Alvira,Koppelmann,53
Henry,De Castri,29
Laughton,Fawkes,67
Eloisa,Heinicke,55
Ambrosio,Quinnette,40
Rayna,Bretland,41
Jessamyn,Logg,69
Johnna,Chastand,35
Ferrell,Surgenor,40
Austin,Loram,68
Ronni,Wolseley,56
Ferd,Gregoletti,42
Flory,Mouth,42
Marten,Romaint,42
Charissa,Maynard,82
Jedd,Hughland,52
Kaitlynn,Simner,81
Jennine,Maxworthy,73
Audry,Ebrall,67
Clarence,Jovic,54
Sherill,Twidell,24
Jarad,Ayars,44
Angie,Branno,62
Dag,Summerscales,78
Quintus,Chilcotte,22
Karlene,Pullman,68
Oriana,Paylor,22
Tynan,Haversham,24
Ede,Mc Coughan,84
Rosanne,Brettell,67
Portie,Levensky,23
Honor,Breakwell,68
Danette,Leake,78
Hugibert,Bills,65
Bernice,Arend,55
Roda,Fenech,31
Emili,Groll,22
Fred,Simakov,37
Decca,Chatelot,73
Kelsi,Michele,71
Janessa,Heineke,21
Zolly,Chateau,57
Leigh,Chitson,54
Jone,Pummell,70
Clarisse,Plumtree,62
Filip,Dugmore,50
Bronnie,Bembrick,33
Damian,Malley,36
Starlin,Gostyke,56
Leena,Scullion,81
Shandy,Kording,75
Carolann,Gossington,64
Lucio,Krzysztof,23
Tally,Johansen,68
Daven,Chazotte,85
Rickie,Looney,37
Franciska,Forri,24
Bear,Giraudat,31
Wye,Stanlake,63
Zackariah,Durling,51
Sharon,Saberton,64
Lazaro,Ballister,22
Hersch,Graeber,40
Harley,Garlick,69
Auberon,Luchetti,23
Claresta,Kenward,34
Inesita,Szreter,79
Paolo,Farnfield,41
Weston,Ferretti,21
Alfi,Richard,44
Christina,Gurg,36
Vittoria,Ferrieroi,35
Kelsi,Kesey,48
Lucian,Gricewood,39
Horace,Rozec,22
Estel,Jecks,38
Reynold,Cawood,51
Krystalle,Byforth,75
Arleen,Kirrage,26
Donica,Sciusscietto,60
Adelaida,Braithwait,80
Pearline,MacLaren,49
Gaylor,Yousef,47
Daron,Peaurt,67
Kakalina,Knightsbridge,79
Ciel,MacLure,26
Janella,Methley,48
Margret,Stanning,43
Dulcinea,Blues,30
Antonetta,Kingman,24
Hailey,Wheelwright,61
Neddy,Surgener,51
L;urette,Posthill,63
Alexandros,Darlasson,54
Mufi,Vannucci,61
Franny,Kneath,57
Matty,Bainbridge,66
Pavlov,Hartopp,27
Chickie,Juszczyk,19
Addison,Natt,69
Horatius,Balhatchet,58
Sidnee,Flintoffe,65
Kippy,Ingilson,75
Georgeanne,Poulter,41
Carlita,Barends,23
Ailyn,Cullabine,57
Early,Shakspeare,41
Elianore,Bampkin,79
Grannie,Weaben,79
Farlie,Brislan,52
Miriam,Coker,54
Sorcha,Treagust,80
Cinderella,Trobridge,27
Betteann,Kendle,20
Lanny,Tarver,27
Forrester,Schwerin,63
Homerus,Cottu,34
Timothy,Haill,20
Cornelle,Berends,56
Correna,Bullocke,20
Vin,Rump,57
Randell,Martinello,22
Granville,Van der Beek,55
Sterling,Pirdy,84
Jackson,Dayley,84
Verne,Loughrey,82
Yurik,Slimme,56
Lindsay,Chapellow,72
Brandtr,Garahan,35
Brynne,Steet,63
Jennilee,Kahen,67
Tedd,Bindin,80
Gustavo,Novotna,85
Leonerd,MacNeilly,74
Roddy,Hexam,67
Joceline,Winspear,56
Ange,Woollard,19
Robers,MacClancey,25
Marlie,Measures,61
Adam,Duthy,61
Tobin,Scandwright,63
Carey,Ramelot,67
Elset,Braisted,77
Bent,Macauley,73
Elsa,Audsley,64
Giulietta,Romain,45
Morrie,Sawle,42
Tiphany,Bowmer,26
Andeee,Skelly,48
Reggi,Thomassen,45
Pat,Yole,30
Duncan,Walthall,18
Amitie,Pabelik,46
Diena,Mortimer,33
Steffie,Nafziger,81
Rosalinda,Bonson,33
Xever,Spadoni,21
Ashlan,Isacoff,64
Rebecka,Paolone,33
Manda,Foxhall,65
Carmela,Perrington,31
Noble,Duffie,78
Alaine,Muneely,64
Gabie,Boays,65
Burnaby,Blaydes,43
Saundra,Gunning,76
Tuck,Ledgerton,39
Freddy,Pashen,72
Flemming,Harrap,42
Elnora,Ferrettino,77
Rica,Pierton,74
Talia,Kitchenside,68
Meta,Maggiori,78
Ofella,Halso,22
Fran,Halpin,37
Nelia,Askew,48
Harmon,Skedge,43
Gwenore,Ilyuchyov,18
Lilli,Prydie,39
Lennie,Eaglestone,30
Lynsey,McMennum,63
Dexter,Spring,63
Toma,Osmint,39
Matthaeus,Bell,65
Arne,Roycroft,82
Brnaby,Piddlesden,70
Kerry,Umpleby,37
Min,Chatband,73
Burl,Siggens,72
Tye,Aspden,55
Solomon,Simson,23
Andree,Bennedick,21
Pace,Pearcey,34
Suzette,Jollands,75
Clementine,Kesten,74
Almeta,McKnish,64
Elle,Yerbury,77
Rollins,Andrzejowski,68
Jean,Antoniak,26
Mikol,Szepe,83
Dean,Dubbin,48
Rabi,Jancso,32
Emmy,Chaytor,72
Yovonnda,Hinkensen,73
Hilton,Mudge,74
Doretta,Pettendrich,44
Rosalind,Meredyth,67
Deedee,Whybray,28
Florinda,Colquyte,57
Marchelle,Bernli,62
Maximilien,Deaville,34
Lorri,Jumont,46
Brian,Paiton,56
Lisle,Ivakhno,62
Koenraad,Pulhoster,82
Toby,Rothwell,78
Scarlet,Quilligan,85
Garrick,Shinton,33
Cathleen,Ovett,29
Ransom,Swinburne,73
Tatum,Braithwaite,39
Darda,Sego,84
Arman,Jackalin,74
Karney,Stepto,68
Cathe,Redfearn,25
Janeta,Auton,85
Berta,Belden,37
Johna,Mc Corley,49
Bridget,Southerill,57
Paddie,Andras,19
Selestina,Mapples,60
Claudie,Servant,81
Virgil,Barhims,37
Reggis,Collingworth,64
Bennie,Oluwatoyin,68
Beltran,Poplee,48
Darell,Goodoune,85
Siward,Lorroway,34
Guilbert,Cockhill,63
Maddy,Bickerdyke,56
Davida,Garside,27
Delmar,Skeemor,30
Joseito,Harford,62
Kelsey,Aseef,43
Ciro,Backshill,34
Kevina,Bilyard,63
Bran,Dight,37
Annnora,Ferrettino,56
Kira,Hanselmann,26
Ceil,Luetchford,55
Lamar,Rubenfeld,65
Marcie,Southorn,83
Renae,Tidswell,47
Eustacia,Renac,50
Rafferty,Plaide,66
Ritchie,Croisier,85
Regan,Bollom,76
Jude,Stickney,64
Kessiah,Kinkade,18
Willis,Venneur,34
Hieronymus,Jeary,70
Auberta,Readett,27
Dorthy,Popping,59
Bonnibelle,Filson,37
Flossy,Carbin,20
Dreddy,Sturte,70
Natale,Mattiacci,20
Aguste,Holcroft,21
Dara,Tanswell,77
Skelly,Erik,31
Any,Brewers,79
Katlin,Spaunton,20
Beverlee,Golbourn,32
Kerri,Jephcote,55
Atlante,Esposito,72
Christalle,Heaselgrave,60
Myrtie,Weitzel,43
Cayla,Hentzeler,57
Blondelle,Ert,23
Marshall,Fender,81
Issiah,Wooddisse,29
Lynnelle,Callis,48
Doris,Lemoir,76
Bartolemo,Manilo,56
Niccolo,Barfield,32
Jarrid,Geator,34
Babara,Read,79
Fields,Richards,37
Ina,McGibbon,82
Bernetta,Duckitt,67
Aldo,Lobley,52
Ashlan,Simpkin,81
Erin,Louiset,31
Virgie,Hasty,49
Cello,Rojas,54
Curry,Langran,30
Morna,Morfell,46
Akim,Calow,66
Dotti,Aubry,27
Mar,Tutchings,34
Roberto,Vann,19
Earle,Larkworthy,18
Alberik,Jermyn,26
Vic,Churly,28
Meg,Calway,70
Deni,Morgue,40
Gothart,Troke,63
Gayelord,Mycock,68
Chad,Attew,41
Marketa,Joddens,35
Emelda,Hamblen,43
Rockie,Atterbury,38
Barret,Thorogood,49
Susann,Faldoe,70
Eba,Stripp,36
Carmel,Dixcey,65
Armstrong,Cleeves,36
Reider,Divill,27
Sydney,Levick,47
Anni,Doerrling,48
Vince,McConnulty,20
Igor,Murkin,25
Sumner,Cayford,82
Colene,Ambrois,51
Odelinda,Messruther,22
Jayne,Heino,30
Alessandra,Dods,41
Chloe,Maruszewski,49
Ahmad,Lovelace,50
Paloma,Stubbings,85
Rudyard,Tattersfield,37
Kelsey,Mattioni,34
Erhart,Geale,39
Viva,Hein,50
Beryl,Larrie,33
Shawnee,Haggath,39
Rahal,Revell,65
Dulcy,Colliver,26
Colette,Lovart,42
Mirilla,Spires,51
Ferdinande,Satteford,59
Elmore,Antoniades,40
Adriana,Le Sarr,78
Nerita,Abbay,19
Benedetto,Grantham,62
Lyn,Malyj,42
Gwen,Ivimey,73
Don,Alker,55
Hughie,Rikel,78
Gwenette,Pawnsford,31
Doyle,Longlands,38
Bronny,Andryszczak,60
Aigneis,Milley,30
Kimmie,Govett,49
Angelo,Fridd,52
Ellene,Slinger,74
Corinne,Hugnot,70
Tann,Touret,51
Isobel,Steaning,36
Bertie,Rentz,49
Stillman,Hellwing,18
Kilian,Tull,41
Etienne,Adamec,22
Derk,Waterhowse,38
Riannon,Balma,42
Maddy,Pawlata,75
Redd,Stellman,26
Kaye,Yonge,42
Gonzales,Ahrens,78
Leonore,Chrishop,66
Ignace,Maloney,75
Frans,Tout,55
Burch,Gelsthorpe,46
Astra,Dotterill,18
Heywood,Varty,53
Maddi,Coyne,23
Mitch,Allabush,54
Bancroft,Petersen,55
Floria,Gosney,78
Prent,Gardiner,46
Sarene,Clyma,39
Weider,Da Costa,66
Perle,Palfreman,79
Clari,Everley,50
Eudora,McCaghan,64
Clarita,Baltrushaitis,50
Karyn,Goning,53
Tish,Rollason,41
Reinaldo,Huitt,64
Chrissy,Chisnall,66
Ceciley,Pingston,81
Arlina,Hyman,21
Opalina,Henmarsh,80
Carmen,Choldcroft,19
Aland,Geering,20
Sylas,MacMickan,45
Newton,Hatterslay,45
Wit,Whieldon,33
Margarita,Learmond,76
Boony,Pozzo,23
Lora,Szymoni,25
Clio,Ratnege,65
Fawnia,Klulik,80
Cynthie,De Vuyst,41
Thorvald,Kirk,26
Kaela,Orr,51
Yetta,Corhard,23
Milicent,Gotmann,68
Noel,Blazic,43
Lurleen,Mardle,33
Georgianna,Paintain,45
Sebastien,Davidde,63
Yetta,Roseburgh,58
Risa,Worssam,30
Byrle,Gian,18
Thaxter,Turley,75
Skylar,Brasier,59
Stefan,Abramamov,53
Tallie,Messham,30
Peggy,Szimoni,47
Kai,Cookney,60
Rheba,Byrde,68
Nike,Hubbocks,72
Erny,Yu,32
Maribelle,Champain,38
Aline,Tie,26
Sergeant,Colerick,72
Anne,Ivins,73
Pincus,Dreus,27
Gery,Pleat,41
Kinnie,Mottershaw,37
Napoleon,Worner,61
Kimberly,Puddan,84
Sheba,Glowinski,73
Celesta,Limprecht,64
Elna,Palffrey,54
Haleigh,Lidyard,21
Nonie,Liggons,71
Jenny,Battison,57
Chaddie,Gerrit,18
Kathye,Cliffe,49
Ralina,MacKegg,31
Katie,Maxwaile,81
Charles,Czajkowska,46
Kim,Grassin,23
Ursuline,Linck,22
Therese,Kilius,42
Alyda,Jorge,38
Lyda,Dahmke,49
Mehetabel,Headan,76
Rozalie,Roos,84
Fabiano,Dockrey,52
Keeley,Barks,23
Nancey,Mennear,24
Billie,Errington,71
Flory,Biever,42
Ronnie,Baselio,45
Bald,Karran,50
Amandie,Conneely,38
Annabella,Pibsworth,45
Fons,Search,70
Malvina,Antunez,40
Elbertina,Lockie,51
Geraldine,Croke,43
Dyane,Gorbell,66
Vale,Sparsholt,50
Billye,Thorrold,31
Jenine,Hudghton,44
Holly,Cuolahan,65
Lyn,Crampsey,36
Perl,Ellery,82
Cyndi,Lefeaver,45
Lory,Kenington,57
Caitlin,Itzhaki,74
Idelle,Shildrick,18
Tanhya,Slator,51
Karie,Luetchford,64
Rici,Bartomeu,51
Levon,Saffran,45
Randell,Thornhill,45
Laurene,McKitterick,44
Quintin,Piatto,44
Darill,Mabbot,79
Lucilia,Weedall,64
Laney,Girdler,30
Jacqui,Castellani,77
Chaim,Coggins,33
Kissee,Malim,51
Ronna,Joan,54
Christa,O'Monahan,37
Birdie,Tunbridge,47
Darla,Mowday,36
Berenice,Pyne,81
Maggi,McCaughen,64
Rene,Sissens,68
Faye,Dimsdale,59
Mahalia,Purle,64
Johnathon,Keele,85
Erin,Lace,61
Amandie,Atwood,74
Valida,Lorrain,54
Elisa,Bartolomeoni,29
Staci,Burgott,22
Karel,Arnull,19
Randy,Scathard,50
Mark,Cammomile,21
Jeremias,Duggleby,57
Gabi,White,62
Grier,De Ruel,61
Carlene,Antal,23
Giulia,Dunbobin,31
Baxy,Jorin,76
Juana,Iozefovich,84
Clare,Oury,36
Leelah,Balmadier,35
Alfy,Tampin,65
Orren,Castanone,35
Chantalle,Calfe,52
David,Gothard,76
Sharron,Bohlsen,18
Emmott,Simioni,18
Konrad,Nobles,69
Vite,Zamudio,27
Birch,Austins,68
Gracia,Pymar,82
Chancey,Bedbrough,56
Ricoriki,Clemenson,38
Filia,Ehrat,23
Dena,Casol,32
Franciska,Malloch,78
Fiona,Pinchin,57
Tracey,Le Fevre,32
Sanderson,Mussington,41
Dorolice,Cathrall,34
Gaby,Abelov,83
Costanza,Billows,40
Lindi,Follett,40
Madalena,Caldaro,33
Merrielle,Greber,30
Courtney,Findley,48
Karilynn,Dewdney,47
Saxe,Osborn,72
Elke,Pinchbeck,73
Shelden,Kuschek,64
Stanislaus,Dougharty,48
Shae,Maruszewski,78
Rodge,Lupton,60
Salomo,Issacov,69
Josey,Taggert,27
Kinsley,Errowe,82
Hubert,Pailin,41
Sydelle,Segoe,26
Lida,Dodshon,73
Barb,McGuff,46
Micah,Biddulph,34
Guinevere,Kelk,65
Alon,Zannotti,25
Farlee,Paxton,20
Teddie,Neasam,76
Cly,Rohlfing,68
Marshall,Larraway,33
Cull,Dain,80
Chiquita,Harlin,58
Katie,Edelheid,84
Lilli,Snowman,20
Auberta,Cheeke,68
Zarah,Fortune,70
Gibbie,Mewha,25
Maxy,Aymerich,66
Avrit,Berston,55
Loreen,Plaid,79
Crystal,Nuzzti,40
Ronnica,Ben-Aharon,71
Sherman,O'Lennachain,50
Lynette,Blanko,66
Chance,Kemsley,25
Trisha,Lodo,60
Lidia,Tomovic,23
Adrien,Wills,22
Joye,Spencers,74
Thaxter,Kubis,72
Chester,Cridge,40
Rabi,Moxson,19
Marje,Dubery,74
Lia,Bowhay,67
Leonhard,Harty,83
Renaldo,Pridie,39
Giavani,Willcot,76
Dennis,Rozec,82
Lesley,Stanman,21
Francklyn,Baglow,75
Alexio,Rapper,78
Evangelina,Depper,34
Agnola,Baldung,60
Mara,Sylvester,57
Joeann,Ostrich,83
Cherilyn,Willsmore,55
Denny,Radloff,72
Muire,Vellden,80
Jaclyn,Medcalfe,32
Siffre,Stilly,43
Chevalier,Baudoux,54
Kim,Olech,75
Geri,Christopherson,18
Arturo,Stading,46
Caresse,De Biaggi,64
Serena,Dawson,63
Burl,Cassella,49
Cheryl,Mapis,79
Lelah,Brownlow,18
Arabel,Slayny,22
Addison,Kinforth,66
Bailie,Gosz,67
Henrieta,Baff,67
Susanne,Clipston,27
Ellery,Adelman,23
Nicolai,Choke,38
Nata,Dotson,34
Eberhard,Lepper,60
Henrie,Ajsik,58
Thedric,Blann,39
Joanie,Brogden,39
Flore,Kovnot,57
Vladamir,Chessel,81
Georas,Gonnel,79
Leeann,Hurburt,71
Prissie,Fauning,77
Lelah,Foxall,41
Baily,Yakebovich,52
Ware,O'Keaveny,46
Genevieve,Ogborne,57
Marcelle,Lakeman,82
Bayard,Hegden,41
Margareta,O'Henery,47
Valentia,Bellhanger,31
Colver,Skirling,26
Calv,Hatzar,31
Tyson,Mattiacci,76
Lincoln,Brockwell,77
Franklyn,Domengue,49
Angel,Mostyn,56
Carmel,Menicomb,63
Sidonnie,Blayney,75
Betta,Sneesbie,73
Casi,Faier,81
Ingar,Thorsen,60
Godart,Wheldon,36
Frederik,Pluvier,32
Cristie,Corpes,74
Sandie,Wettern,77
Dredi,Tolman,64
Zacharia,Mobberley,72
Xaviera,Westwell,80
Clarie,Eadmeads,41
Ingrid,Reedshaw,27
Mella,Bereford,75
Gloria,Graddon,33
Brennen,Layland,47
Jacob,Daddow,65
Odessa,Kennelly,40
Ennis,Dawbery,28
Kit,Brantl,34
Emory,Pieters,27
Mirna,Francombe,37
Timofei,Brandom,49
Karmen,Hoyer,67
Muhammad,Elecum,21
Gleda,Fausset,38
Marigold,Tunney,80
Amara,Chene,67
Hewie,Greggs,78
Zak,Jikylls,61
Melisandra,Sarle,22
Cecil,Toovey,35
Kristin,Eilles,64
Ephrayim,Nicklin,54
Kendricks,Simmell,50
Arlette,Scard,46
Keith,Abramovici,34
Mischa,Pipet,35
Osmund,Skellington,29
Obed,Galley,28
Toiboid,Ossenna,76
Erwin,Thaxton,83
Wilhelm,Tallowin,55
Burnard,Goldring,37
Ansel,Westbrook,63
Dareen,Ladlow,70
Barbie,Corbishley,65
Berny,Busk,53
Christian,Kasher,52
Chantal,Patey,30
Donnie,Lashford,53
Jerry,Brisson,20
Saraann,Dacke,71
Audra,Mattsson,33
Aloin,Guye,59
Magdalene,McBean,63
Wyn,Penberthy,75
Sunny,Jarley,62
Wini,Peacher,38
Darnell,Giacaponi,63
Melloney,Hazeldine,66
Marinna,Ferenczy,66
Ikey,Varrow,33
Inigo,Cockren,23
Rebekkah,Witter,22
Valery,Brugden,77
Clemmy,Aery,81
Harp,Robeson,54
Margit,Bexon,51
Puff,Bruce,26
Maddi,Mitchelhill,39
Leila,Traviss,40
Melloney,Horry,61
Jeffry,O'Rodane,44
Andriette,Skivington,32
Price,Phillins,69
Burgess,Slocket,51
Stevana,Yegoshin,26
Keane,Dowe,82
Yorke,Megroff,44
Allyn,Taunton.,24
Jess,Marlowe,19
Adolph,O'Heagertie,40
Celinda,Ernke,47
Cherlyn,Stothard,76
Felicity,Pym,38
Panchito,Kerwood,36
Ingelbert,Ivain,44
Demetris,Fettiplace,30
Kennie,Tilston,21
Johann,Deschlein,41
Kenn,Dunton,23
Hilda,House,54
Grantham,Bewsey,77
Hercules,Wallach,72
Rabbi,Ellin,46
Sasha,McVaugh,54
Susie,Dearlove,18
Shayla,Causon,30
Kamilah,Wield,28
Heddie,Spennock,51
Luke,Sellner,70
Nessy,Muttock,18
Antonietta,McGaughay,52
Matthew,Owain,32
Yvon,Silverston,79
Jarib,Zwicker,58
Karalynn,Stonhard,21
Corena,Presswell,33
Prentice,Fogg,55
Jonis,Troyes,48
Samantha,Gooch,54
Angeli,Pizzie,68
Massimiliano,Clemencet,71
Melessa,Berth,39
Noemi,Radbond,48
Adriena,Twiddell,41
Jacenta,Abramamovh,49
Clark,Strickett,51
Werner,McGraw,24
Zane,O'Fallone,39
Emylee,Wordsworth,74
Micky,Readwood,50
Kermie,Gifford,63
Cybil,Speere,72
Abbie,Manuelli,21
Gloriane,Harwin,68
Kerby,Klemps,52
Fredrika,Esch,19
Noel,Swanton,61
Alie,Collins,66
Jon,Leeman,72
Kalina,Molyneaux,20
Brena,Rothwell,58
Judd,Gradwell,36
Forest,Paunsford,82
Carolus,Sute,83
Nelson,Gouge,45
Arlan,Pellamonuten,22
Tomlin,Moore,72
Nessy,Hambrook,68
Kristoforo,Howselee,68
Mead,Maunton,66
Kyla,Okill,53
Nick,Buchett,51
Devon,Martinetto,68
Aguste,Vogele,69
Evita,Middleditch,75
Eachelle,Troake,60
Joaquin,Della Scala,24
Wilone,Fearnehough,80
Emlynn,de Vaen,28
Jerry,Rosenstiel,69
Isidoro,Bruck,48
Kaela,Robison,48
Hadleigh,Cauthra,55
Jaquenette,Kelner,75
Mordy,Hirtzmann,19
Laurene,Liebmann,36
Marie-jeanne,Froude,19
Bard,Ponnsett,67
Neils,Bunton,66
Enrika,Gerardet,60
Daven,Grugerr,33
Eba,Claxson,40
Nina,Straun,60
Eugine,Ferro,32
Timmy,Drugan,46
Harrie,Ondrasek,69
D'arcy,Grzelczyk,39
Kalli,Sullivan,66
Davine,Mutlow,18
Gladys,Whistlecraft,25
Hyacinthie,Grushin,83
Garey,Seamarke,67
Oralia,MacDermid,77
Frederique,Scurrer,67
Maura,Bedin,77
Bernie,Danev,74
Kora,Stodd,70
Neils,Coils,70
Noah,Cattlemull,23
Grannie,O'Hagan,46
Kizzee,Hruska,51
Kaela,Russo,40
Melanie,Gosdin,19
Karoly,Bohje,26
Wilfred,Stroyan,41
Nero,Haslin,65
Noach,Bygreaves,29
Anatollo,Nealon,37
Alexandra,Molineaux,84
Venus,Sapauton,54
Dedie,Ebanks,28
Aldous,Weeks,78
Jeffrey,Granham,52
Fields,Fyfield,21
Ardelis,Tripp,83
Blaire,Perfili,70
Amy,Josefovic,62
Tymothy,Gyorgy,72
Tami,Doers,66
Cymbre,Petters,65
Jolynn,Bottomore,84
Emma,Knudsen,40
Lowe,Abyss,41
Nollie,Schwander,29
La verne,Conaghan,82
Daffi,Behn,78
Drusilla,Ilott,71
Rickie,Veltman,64
Xenia,Manhood,68
Dusty,Eastman,70
Hailey,McQuillen,35
Alyosha,Raise,20
Kathie,Longwood,54
Cecil,Bortol,53
Les,Larrat,66
Wren,Ashelford,44
Conway,Dinan,61
Glori,Gunter,19
Seward,Syce,56
Glen,Drinnan,49
Bard,Ganniclifft,31
Merv,Hysom,67
Katey,Merlin,25
Matthiew,Ebdin,29
Gilda,Robinett,54
Hewitt,Prenty,23
Dimitry,Gawith,23
Land,MacMenamy,68
Carilyn,Sibery,45
Lindsay,Slade,34
Barnard,Maior,50
Lena,Lowe,77
Jaclin,Benoy,74
Dyan,Cargen,49
Glyn,Maggorini,40
Axe,De Carteret,83
Aprilette,Udy,52
Grantham,Gorges,39
Zelig,Henrot,18
Elsworth,Colrein,29
Margeaux,Beaves,76
Sydelle,Huntington,70
Charlton,Flaune,44
Zacharias,McNee,62
Turner,Itzkovitch,33
Ilene,Conford,52
Arlan,Friett,69
Jermayne,Slora,83
Hermina,Sprowle,48
Eden,Stansbie,65
Cathyleen,Ciobutaru,68
Ted,Foale,22
Ardelis,Heckner,69
Travus,Noulton,70
Meggy,Middlemist,53
Andra,Whale,37
Dell,Duplain,39
Elliot,Boteman,44
Piotr,Matiashvili,36
Aldus,McCandless,64
Annadiana,Maslin,57
Karyl,Dobbson,48
Nicol,Shave,72
Nerissa,Peddie,26
Hobie,Ivankovic,24
Elfreda,Samuels,44
Fairleigh,Kordes,34
Dar,Corona,40
Gracie,Forbes,82
Adolpho,Dykins,58
Anett,Cardwell,62
Gibby,Sparshatt,26
Gibby,Brunini,30
Kelila,Mertsching,76
Rogers,Peplaw,79
Roxine,Polden,61
Miguel,Perryman,35
Timotheus,Kilmister,27
Kimberlee,Britland,77
Christan,Woodus,34
Mindy,Coughlan,81
Fernandina,Wandrich,28
Tandie,Filewood,38
Alana,Blanpein,43
Harold,Haresnape,32
Lew,McGinnell,60
Mitchael,Stoate,20
Mario,Cleef,49
Goldia,Rudolfer,31
Cornell,Ledwich,80
Bette,Watterson,32
Amitie,Vertey,79
Zaccaria,Manterfield,19
Isak,Pacher,64
Alphard,Edgcombe,65
Lisle,Varfolomeev,19
Torey,Brudenell,83
